"data","ranklist"
"2020-09-19","[[""40"",""BTS"",""Dynamite"",2,300],[""31"",""Blackpink"",""Ice Cream"",8,193],[""31"",""Blackpink"",""How You Like That"",33,168],[460,""ITZY"",""Not Shy"",124,77],[1015,""NiziU"",""Make You Happy"",192,9],[""40"",""BTS"",""Boy With Luv"",194,7]]"
"2020-09-26","[[""40"",""BTS"",""Dynamite"",2,300],[""31"",""Blackpink"",""Ice Cream"",13,188],[""31"",""Blackpink"",""How You Like That"",37,164],[1015,""NiziU"",""Make You Happy"",149,52],[460,""ITZY"",""Not Shy"",151,50],[""40"",""BTS"",""Boy With Luv"",179,22]]"
"2020-10-03","[[""40"",""BTS"",""Dynamite"",1,400],[""31"",""Blackpink"",""Ice Cream"",18,183],[""31"",""Blackpink"",""How You Like That"",41,160],[1015,""NiziU"",""Make You Happy"",129,72],[288,""Stray Kids"",""Back Door"",169,32],[610,""Treasure"",""I Love You"",170,31],[""40"",""BTS"",""Boy With Luv"",185,16],[460,""ITZY"",""Not Shy"",189,12]]"
"2020-10-10","[[""40"",""BTS"",""Dynamite"",2,300],[""31"",""Blackpink"",""Ice Cream"",22,179],[""31"",""Blackpink"",""How You Like That"",43,158],[""40"",""BTS"",""Boy With Luv"",171,30]]"
"2020-10-17","[[""31"",""Blackpink"",""Lovesick Girls"",2,300],[""40"",""BTS"",""Dynamite"",3,198],[""31"",""Blackpink"",""Ice Cream"",17,184],[""31"",""Blackpink"",""How You Like That"",24,177],[""31"",""Blackpink"",""Bet You Wanna"",25,176],[""31"",""Blackpink"",""Pretty Savage"",32,169],[""31"",""Blackpink"",""Crazy Over You"",49,152],[""31"",""Blackpink"",""Love To Hate Me"",54,147],[""31"",""Blackpink"",""You Never Know"",64,137],[""40"",""BTS"",""Boy With Luv"",176,25]]"
"2020-10-24","[[""40"",""BTS"",""Dynamite"",1,400],[""31"",""Blackpink"",""Lovesick Girls"",11,190],[""31"",""Blackpink"",""Ice Cream"",23,178],[""31"",""Blackpink"",""How You Like That"",35,166],[""31"",""Blackpink"",""Bet You Wanna"",69,132],[""31"",""Blackpink"",""Pretty Savage"",70,131],[""714"",""NCT"",""Make A Wish (Birthday Song)"",145,56],[""40"",""BTS"",""Boy With Luv"",162,39],[""31"",""Blackpink"",""Crazy Over You"",169,32],[""31"",""Blackpink"",""Love To Hate Me"",174,27]]"
"2020-10-31","[[""40"",""BTS"",""Dynamite"",1,400],[""31"",""Blackpink"",""Lovesick Girls"",20,181],[""31"",""Blackpink"",""Ice Cream"",26,175],[""31"",""Blackpink"",""How You Like That"",35,166],[""31"",""Blackpink"",""Pretty Savage"",90,111],[""31"",""Blackpink"",""Bet You Wanna"",118,83],[""714"",""NCT"",""Make A Wish (Birthday Song)"",128,73],[""40"",""BTS"",""Boy With Luv"",151,50],[""31"",""Blackpink"",""Ddu-du Ddu-du"",158,43],[""31"",""Blackpink"",""Kill This Love"",181,20]]"
"2020-11-07","[[""40"",""BTS"",""Dynamite"",2,300],[""31"",""Blackpink"",""Lovesick Girls"",28,173],[""208"",""Twice"",""I Can&#039;t Stop Me"",35,166],[""31"",""Blackpink"",""Ice Cream"",38,163],[""31"",""Blackpink"",""How You Like That"",45,156],[""31"",""Blackpink"",""Pretty Savage"",125,76],[""40"",""BTS"",""Boy With Luv"",162,39],[""31"",""Blackpink"",""Bet You Wanna"",186,15],[""31"",""Blackpink"",""Ddu-du Ddu-du"",191,10]]"
"2020-11-14","[[""40"",""BTS"",""Dynamite"",4,197],[""208"",""Twice"",""I Can&#039;t Stop Me"",31,170],[""31"",""Blackpink"",""Lovesick Girls"",47,154],[""31"",""Blackpink"",""Ice Cream"",52,149],[""31"",""Blackpink"",""How You Like That"",65,136],[""1012"",""K\/DA"",""More"",125,76],[""31"",""Blackpink"",""Pretty Savage"",179,22]]"
"2020-11-21","[[""40"",""BTS"",""Dynamite"",5,196],[""208"",""Twice"",""I Can&#039;t Stop Me"",33,168],[""31"",""Blackpink"",""Lovesick Girls"",48,153],[""31"",""Blackpink"",""Ice Cream"",59,142],[""31"",""Blackpink"",""How You Like That"",64,137],[""1012"",""K\/DA"",""More"",167,34]]"
"2020-11-28","[[""40"",""BTS"",""Dynamite"",6,195],[""31"",""Blackpink"",""Lovesick Girls"",61,140],[""31"",""Blackpink"",""How You Like That"",66,135],[""31"",""Blackpink"",""Ice Cream"",68,133],[""208"",""Twice"",""I Can&#039;t Stop Me"",72,129],[""707"",""Aespa"",""Black Mamba"",183,18]]"
"2020-12-05","[[""40"",""BTS"",""Life Goes On"",1,400],[""40"",""BTS"",""Dynamite"",3,198],[""40"",""BTS"",""Blue & Grey"",9,192],[""40"",""BTS"",""Stay"",16,185],[""40"",""BTS"",""Fly To My Room"",22,179],[""40"",""BTS"",""Telepathy"",28,173],[""40"",""BTS"",""Dis-ease"",30,171],[""31"",""Blackpink"",""How You Like That"",87,114],[""31"",""Blackpink"",""Lovesick Girls"",92,109],[""208"",""Twice"",""I Can&#039;t Stop Me"",112,89],[""31"",""Blackpink"",""Ice Cream"",120,81],[""707"",""Aespa"",""Black Mamba"",138,63]]"
"2020-12-12","[[""40"",""BTS"",""Dynamite"",3,198],[""40"",""BTS"",""Life Goes On"",16,185],[1015,""NiziU"",""Step And A Step"",75,126],[""208"",""Twice"",""I Can&#039;t Stop Me"",84,117],[""40"",""BTS"",""Blue & Grey"",111,90],[""31"",""Blackpink"",""How You Like That"",113,88],[""31"",""Blackpink"",""Lovesick Girls"",133,68],[""40"",""BTS"",""Fly To My Room"",161,40],[""31"",""Blackpink"",""Ice Cream"",168,33],[""40"",""BTS"",""Telepathy"",190,11]]"
"2020-12-19","[[""40"",""BTS"",""Dynamite"",5,196],[""40"",""BTS"",""Life Goes On"",41,160],[""208"",""Twice"",""I Can&#039;t Stop Me"",113,88],[""31"",""Blackpink"",""How You Like That"",132,69],[""31"",""Blackpink"",""Lovesick Girls"",162,39],[1015,""NiziU"",""Step And A Step"",164,37],[""31"",""Blackpink"",""Ice Cream"",198,3]]"
"2020-12-26","[[""40"",""BTS"",""Dynamite"",6,195],[""40"",""BTS"",""Life Goes On"",77,124],[""31"",""Blackpink"",""How You Like That"",145,56],[""208"",""Twice"",""I Can&#039;t Stop Me"",158,43],[""31"",""Blackpink"",""Lovesick Girls"",200,1]]"
"2021-01-02","[[""40"",""BTS"",""Dynamite"",12,189],[""40"",""BTS"",""Life Goes On"",119,82],[""31"",""Blackpink"",""How You Like That"",187,14],[""208"",""Twice"",""I Can&#039;t Stop Me"",194,7]]"
"2021-01-09","[[""40"",""BTS"",""Dynamite"",3,198],[""40"",""BTS"",""Life Goes On"",86,115],[""31"",""Blackpink"",""How You Like That"",134,67],[""208"",""Twice"",""I Can&#039;t Stop Me"",159,42]]"
"2021-01-16","[[""40"",""BTS"",""Dynamite"",1,400],[""40"",""BTS"",""Life Goes On"",69,132],[""31"",""Blackpink"",""How You Like That"",107,94],[""208"",""Twice"",""I Can&#039;t Stop Me"",132,69],[""31"",""Blackpink"",""Lovesick Girls"",164,37]]"
"2021-01-23","[[""40"",""BTS"",""Dynamite"",3,198],[""40"",""BTS"",""Life Goes On"",84,117],[""31"",""Blackpink"",""How You Like That"",130,71],[""208"",""Twice"",""I Can&#039;t Stop Me"",164,37],[""31"",""Blackpink"",""Lovesick Girls"",194,7]]"
"2021-01-30","[[""40"",""BTS"",""Dynamite"",6,195],[""40"",""BTS"",""Life Goes On"",88,113],[""31"",""Blackpink"",""How You Like That"",125,76],[""208"",""Twice"",""I Can&#039;t Stop Me"",170,31]]"
"2021-02-06","[[""40"",""BTS"",""Dynamite"",4,197],[""40"",""BTS"",""Life Goes On"",98,103],[""31"",""Blackpink"",""How You Like That"",127,74],[""208"",""Twice"",""I Can&#039;t Stop Me"",172,29]]"
"2021-02-13","[[""40"",""BTS"",""Dynamite"",3,198],[98,""IU"",""Celebrity"",78,123],[""40"",""BTS"",""Life Goes On"",102,99],[""31"",""Blackpink"",""How You Like That"",127,74],[""208"",""Twice"",""I Can&#039;t Stop Me"",183,18],[""31"",""Blackpink"",""Lovesick Girls"",192,9]]"
"2021-02-20","[[""40"",""BTS"",""Dynamite"",5,196],[""40"",""BTS"",""Life Goes On"",118,83],[""31"",""Blackpink"",""How You Like That"",135,66],[98,""IU"",""Celebrity"",162,39]]"
"2021-02-27","[[""40"",""BTS"",""Dynamite"",10,191],[""40"",""BTS"",""Life Goes On"",134,67],[""31"",""Blackpink"",""How You Like That"",141,60]]"
"2021-03-06","[[""40"",""BTS"",""Dynamite"",8,193],[""40"",""BTS"",""Life Goes On"",63,138],[""31"",""Blackpink"",""How You Like That"",145,56]]"
"2021-03-13","[[""40"",""BTS"",""Dynamite"",8,193],[""40"",""BTS"",""Life Goes On"",125,76],[""31"",""Blackpink"",""How You Like That"",143,58]]"
"2021-03-20","[[""40"",""BTS"",""Dynamite"",12,189],[""40"",""BTS"",""Life Goes On"",153,48],[""31"",""Blackpink"",""How You Like That"",157,44]]"
"2021-03-27","[[""872"",""Rosé"",""On The Ground"",1,400],[""40"",""BTS"",""Dynamite"",6,195],[""872"",""Rosé"",""Gone"",29,172],[""40"",""BTS"",""Life Goes On"",145,56],[""31"",""Blackpink"",""How You Like That"",160,41]]"
"2021-04-03","[[""40"",""BTS"",""Dynamite"",12,189],[""872"",""Rosé"",""On The Ground"",25,176],[""872"",""Rosé"",""Gone"",178,23],[""31"",""Blackpink"",""How You Like That"",183,18],[""40"",""BTS"",""Life Goes On"",188,13]]"
"2021-04-10","[[""40"",""BTS"",""Dynamite"",13,188],[""872"",""Rosé"",""On The Ground"",49,152],[1015,""NiziU"",""Take A Picture"",188,13],[""40"",""BTS"",""Life Goes On"",193,8]]"
"2021-04-17","[[""40"",""BTS"",""Film Out"",5,196],[""40"",""BTS"",""Dynamite"",14,187],[""872"",""Rosé"",""On The Ground"",55,146],[1015,""NiziU"",""Take A Picture"",91,110],[""872"",""Rosé"",""Gone"",95,106],[""40"",""BTS"",""Life Goes On"",173,28],[""31"",""Blackpink"",""How You Like That"",197,4]]"
"2021-04-24","[[""40"",""BTS"",""Dynamite"",14,187],[""40"",""BTS"",""Film Out"",54,147],[1015,""NiziU"",""Take A Picture"",101,100],[""872"",""Rosé"",""On The Ground"",106,95]]"
"2021-05-01","[[""40"",""BTS"",""Dynamite"",18,183],[""40"",""BTS"",""Film Out"",91,110],[""872"",""Rosé"",""On The Ground"",124,77],[1015,""NiziU"",""Take A Picture"",182,19]]"
"2021-05-08","[[""40"",""BTS"",""Dynamite"",17,184],[""40"",""BTS"",""Film Out"",134,67],[""872"",""Rosé"",""On The Ground"",154,47],[""31"",""Blackpink"",""How You Like That"",198,3]]"
"2021-05-15","[[""40"",""BTS"",""Dynamite"",19,182],[460,""ITZY"",""In The Morning"",34,167],[""40"",""BTS"",""Film Out"",182,19]]"
"2021-05-22","[[""40"",""BTS"",""Dynamite"",21,180],[460,""ITZY"",""In The Morning"",63,138],[149,""NCT DREAM"",""Hot Sauce"",96,105]]"
"2021-05-29","[[""40"",""BTS"",""Dynamite"",33,168],[460,""ITZY"",""In The Morning"",80,121],[""707"",""Aespa"",""Next Level"",97,104],[149,""NCT DREAM"",""Hot Sauce"",144,57]]"
"2021-06-05","[[""40"",""BTS"",""Butter"",1,400],[""40"",""BTS"",""Dynamite"",18,183],[""707"",""Aespa"",""Next Level"",65,136],[""40"",""BTS"",""Life Goes On"",94,107],[460,""ITZY"",""In The Morning"",120,81],[""40"",""BTS"",""Film Out"",127,74],[""40"",""BTS"",""Boy With Luv"",157,44]]"
"2021-06-12","[[""40"",""BTS"",""Butter"",1,400],[""40"",""BTS"",""Dynamite"",18,183],[""707"",""Aespa"",""Next Level"",119,82],[""465"",""TXT"",""0X1=Lovesong (I Know I Love You)"",167,34],[460,""ITZY"",""In The Morning"",179,22],[""40"",""BTS"",""Life Goes On"",198,3]]"
"2021-06-19","[[""40"",""BTS"",""Butter"",2,300],[""40"",""BTS"",""Dynamite"",19,182],[""61"",""EXO"",""Don&#039;t Fight The Feeling"",64,137],[""707"",""Aespa"",""Next Level"",158,43],[""465"",""TXT"",""0X1=Lovesong (I Know I Love You)"",168,33],[""208"",""Twice"",""Alcohol-Free"",176,25]]"
"2021-06-26","[[""40"",""BTS"",""Butter"",2,300],[""40"",""BTS"",""Dynamite"",19,182],[""208"",""Twice"",""Alcohol-Free"",41,160],[""707"",""Aespa"",""Next Level"",172,29]]"
"2021-07-03","[[""40"",""BTS"",""Butter"",2,300],[""40"",""BTS"",""Dynamite"",20,181],[""208"",""Twice"",""Alcohol-Free"",41,160],[""707"",""Aespa"",""Next Level"",104,97],[""40"",""BTS"",""Film Out"",150,51],[171,""Seventeen"",""Ready To Love"",188,13]]"
"2021-07-10","[[""40"",""BTS"",""Butter"",3,198],[""40"",""BTS"",""Dynamite"",23,178],[""208"",""Twice"",""Alcohol-Free"",69,132],[""707"",""Aespa"",""Next Level"",171,30]]"
"2021-07-17","[[""40"",""BTS"",""Butter"",4,197],[""40"",""BTS"",""Dynamite"",22,179],[""208"",""Twice"",""Alcohol-Free"",80,121],[""707"",""Aespa"",""Next Level"",182,19]]"
"2021-07-24","[[""40"",""BTS"",""Permission To Dance"",1,400],[""40"",""BTS"",""Butter"",6,195],[""40"",""BTS"",""Dynamite"",21,180],[""208"",""Twice"",""Alcohol-Free"",103,98]]"
"2021-07-31","[[""40"",""BTS"",""Permission To Dance"",5,196],[""40"",""BTS"",""Butter"",6,195],[""40"",""BTS"",""Dynamite"",22,179],[""208"",""Twice"",""Alcohol-Free"",148,53]]"
"2021-08-07","[[""40"",""BTS"",""Permission To Dance"",6,195],[""40"",""BTS"",""Butter"",8,193],[""40"",""BTS"",""Dynamite"",25,176],[""208"",""Twice"",""Alcohol-Free"",200,1]]"
"2021-08-14","[[""40"",""BTS"",""Permission To Dance"",8,193],[""40"",""BTS"",""Butter"",11,190],[""40"",""BTS"",""Dynamite"",29,172],[""31"",""Blackpink"",""How You Like That"",171,30]]"
"2021-08-21","[[""40"",""BTS"",""Butter"",14,187],[""40"",""BTS"",""Permission To Dance"",15,186],[""40"",""BTS"",""Dynamite"",29,172],[""31"",""Blackpink"",""How You Like That"",194,7]]"
"2021-08-28","[[""40"",""BTS"",""Butter"",15,186],[""40"",""BTS"",""Permission To Dance"",16,185],[""40"",""BTS"",""Dynamite"",33,168],[165,""Red Velvet"",""Queendom"",96,105]]"
"2021-09-04","[[""40"",""BTS"",""Butter"",14,187],[""40"",""BTS"",""Permission To Dance"",16,185],[""40"",""BTS"",""Dynamite"",34,167],[288,""Stray Kids"",""Thunderous"",80,121],[165,""Red Velvet"",""Queendom"",132,69],[""465"",""TXT"",""Lo$er=Lo&lt;3er"",184,17]]"
"2021-09-11","[[""40"",""BTS"",""Butter"",3,198],[""40"",""BTS"",""Permission To Dance"",27,174],[""40"",""BTS"",""Dynamite"",47,154],[288,""Stray Kids"",""Thunderous"",105,96]]"
"2021-09-18","[[""40"",""BTS"",""Butter"",21,180],[""40"",""BTS"",""Permission To Dance"",46,155],[""40"",""BTS"",""Dynamite"",55,146]]"
"2021-09-25","[[1317,""Lisa"",""Lalisa"",2,300],[""40"",""BTS"",""Butter"",12,189],[""40"",""BTS"",""Permission To Dance"",38,163],[1317,""Lisa"",""Money"",44,155],[""40"",""BTS"",""Dynamite"",46,155],[""31"",""Blackpink"",""How You Like That"",177,24]]"
"2021-10-02","[[""40"",""BTS"",""Butter"",19,182],[1317,""Lisa"",""Lalisa"",22,177],[""40"",""BTS"",""Permission To Dance"",34,167],[""40"",""BTS"",""Dynamite"",42,159],[148,""NCT 127"",""Sticker"",101,100],[1317,""Lisa"",""Money"",160,39]]"
"2021-10-09","[[""7618"",""Coldplay + BTS"",""My Universe"",1,400],[""40"",""BTS"",""Butter"",14,187],[1317,""Lisa"",""Money"",25,174],[1317,""Lisa"",""Lalisa"",26,173],[""40"",""BTS"",""Permission To Dance"",28,173],[""40"",""BTS"",""Dynamite"",40,161],[460,""ITZY"",""Loco"",44,157]]"
"2021-10-16","[[""7618"",""Coldplay + BTS"",""My Universe"",5,196],[""208"",""Twice"",""The Feels"",12,189],[1317,""Lisa"",""Money"",19,180],[""40"",""BTS"",""Butter"",21,180],[1317,""Lisa"",""Lalisa"",31,168],[""40"",""BTS"",""Permission To Dance"",33,168],[""40"",""BTS"",""Dynamite"",40,161],[460,""ITZY"",""Loco"",69,132],[""707"",""Aespa"",""Savage"",77,124]]"
"2021-10-23","[[""7618"",""Coldplay + BTS"",""My Universe"",9,192],[1317,""Lisa"",""Money"",10,189],[""40"",""BTS"",""Butter"",21,180],[""208"",""Twice"",""The Feels"",27,174],[""707"",""Aespa"",""Savage"",39,162],[""40"",""BTS"",""Permission To Dance"",41,160],[""40"",""BTS"",""Dynamite"",42,159],[1317,""Lisa"",""Lalisa"",45,154],[460,""ITZY"",""Loco"",97,104]]"
"2021-10-30","[[""7618"",""Coldplay + BTS"",""My Universe"",7,194],[1317,""Lisa"",""Money"",11,188],[""40"",""BTS"",""Butter"",23,178],[""208"",""Twice"",""The Feels"",34,167],[""40"",""BTS"",""Dynamite"",46,155],[""40"",""BTS"",""Permission To Dance"",50,151],[1317,""Lisa"",""Lalisa"",53,146],[""707"",""Aespa"",""Savage"",77,124],[460,""ITZY"",""Loco"",134,67]]"
"2021-11-06","[[""7618"",""Coldplay + BTS"",""My Universe"",9,192],[1317,""Lisa"",""Money"",12,187],[""40"",""BTS"",""Butter"",25,176],[""208"",""Twice"",""The Feels"",39,162],[""40"",""BTS"",""Dynamite"",41,160],[""40"",""BTS"",""Permission To Dance"",47,154],[1317,""Lisa"",""Lalisa"",60,139],[171,""Seventeen"",""Rock With You"",68,133],[""707"",""Aespa"",""Savage"",97,104],[460,""ITZY"",""Loco"",172,29],[148,""NCT 127"",""Favorite"",186,15]]"
"2021-11-13","[[""7618"",""Coldplay + BTS"",""My Universe"",10,191],[1317,""Lisa"",""Money"",12,187],[""40"",""BTS"",""Butter"",25,176],[""208"",""Twice"",""The Feels"",41,160],[""40"",""BTS"",""Dynamite"",43,158],[""40"",""BTS"",""Permission To Dance"",49,152],[1317,""Lisa"",""Lalisa"",89,110],[""707"",""Aespa"",""Savage"",109,92],[""492"",""Somi"",""XOXO"",185,16],[148,""NCT 127"",""Favorite"",198,3]]"
"2021-11-20","[[""7618"",""Coldplay + BTS"",""My Universe"",13,188],[1317,""Lisa"",""Money"",15,184],[""40"",""BTS"",""Butter"",27,174],[""40"",""BTS"",""Dynamite"",45,156],[""208"",""Twice"",""The Feels"",50,151],[""40"",""BTS"",""Permission To Dance"",61,140],[1421,""Jin"",""Yours"",90,109],[1317,""Lisa"",""Lalisa"",113,86],[""707"",""Aespa"",""Savage"",142,59]]"
"2021-11-27","[[""7618"",""Coldplay + BTS"",""My Universe"",14,187],[1317,""Lisa"",""Money"",19,180],[""40"",""BTS"",""Butter"",38,163],[""208"",""Twice"",""The Feels"",45,156],[""208"",""Twice"",""Scientist"",52,149],[""40"",""BTS"",""Dynamite"",62,139],[""40"",""BTS"",""Permission To Dance"",100,101],[1317,""Lisa"",""Lalisa"",183,16]]"
"2021-12-04","[[""7618"",""Coldplay + BTS"",""My Universe"",20,181],[1317,""Lisa"",""Money"",30,169],[""40"",""BTS"",""Butter"",34,167],[""40"",""BTS"",""Dynamite"",55,146],[""208"",""Twice"",""The Feels"",61,140],[""40"",""BTS"",""Permission To Dance"",86,115],[""208"",""Twice"",""Scientist"",106,95]]"
"2021-12-11","[[""7618"",""Coldplay + BTS"",""My Universe"",20,181],[""40"",""BTS"",""Butter"",31,170],[1317,""Lisa"",""Money"",38,161],[""40"",""BTS"",""Dynamite"",53,148],[""208"",""Twice"",""The Feels"",69,132],[""40"",""BTS"",""Permission To Dance"",81,120],[""208"",""Twice"",""Scientist"",136,65]]"
"2021-12-18","[[""40"",""BTS"",""Butter"",25,176],[""7618"",""Coldplay + BTS"",""My Universe"",29,172],[1317,""Lisa"",""Money"",53,146],[""40"",""BTS"",""Dynamite"",56,145],[1408,""IVE"",""Eleven"",68,133],[""208"",""Twice"",""The Feels"",92,109],[""40"",""BTS"",""Permission To Dance"",95,106]]"
"2021-12-25","[[""7618"",""Coldplay + BTS"",""My Universe"",32,169],[""40"",""BTS"",""Butter"",34,167],[1317,""Lisa"",""Money"",67,132],[""40"",""BTS"",""Dynamite"",71,130],[1408,""IVE"",""Eleven"",74,127],[""208"",""Twice"",""The Feels"",105,96],[""40"",""BTS"",""Permission To Dance"",108,93]]"
"2022-01-01","[[""40"",""BTS"",""Butter"",41,160],[""7618"",""Coldplay + BTS"",""My Universe"",45,156],[""40"",""BTS"",""Dynamite"",80,121],[1317,""Lisa"",""Money"",82,117],[1408,""IVE"",""Eleven"",99,102],[""208"",""Twice"",""The Feels"",128,73],[""40"",""BTS"",""Permission To Dance"",136,65]]"
"2022-01-08","[[""40"",""BTS"",""Butter"",41,160],[""7618"",""Coldplay + BTS"",""My Universe"",43,158],[""607"",""V"",""Christmas Tree"",51,150],[""40"",""BTS"",""Dynamite"",70,131],[1317,""Lisa"",""Money"",87,112],[1408,""IVE"",""Eleven"",109,92],[""40"",""BTS"",""Permission To Dance"",136,65],[""208"",""Twice"",""The Feels"",138,63]]"
"2022-01-15","[[""7618"",""Coldplay + BTS"",""My Universe"",17,184],[""40"",""BTS"",""Butter"",24,177],[""40"",""BTS"",""Dynamite"",36,165],[1317,""Lisa"",""Money"",48,151],[1408,""IVE"",""Eleven"",72,129],[""40"",""BTS"",""Permission To Dance"",87,114],[""208"",""Twice"",""The Feels"",94,107],[1451,""GOT the beat"",""Step Back"",126,75],[""707"",""Aespa"",""Dreams Come True"",197,4]]"
"2022-01-22","[[""7618"",""Coldplay + BTS"",""My Universe"",30,171],[""40"",""BTS"",""Butter"",45,156],[""40"",""BTS"",""Dynamite"",68,133],[1317,""Lisa"",""Money"",75,124],[1408,""IVE"",""Eleven"",101,100],[1434,""Kep1er"",""Wa Da Da"",117,84],[1451,""GOT the beat"",""Step Back"",122,79],[""40"",""BTS"",""Permission To Dance"",128,73],[""208"",""Twice"",""The Feels"",133,68],[""607"",""V"",""Christmas Tree"",174,27]]"
"2022-01-29","[[""7618"",""Coldplay + BTS"",""My Universe"",23,178],[""40"",""BTS"",""Butter"",36,165],[""40"",""BTS"",""Dynamite"",47,154],[1317,""Lisa"",""Money"",71,128],[1434,""Kep1er"",""Wa Da Da"",77,124],[1408,""IVE"",""Eleven"",93,108],[""40"",""BTS"",""Permission To Dance"",115,86],[""208"",""Twice"",""The Feels"",122,79],[1451,""GOT the beat"",""Step Back"",136,65]]"
"2022-02-05","[[""7618"",""Coldplay + BTS"",""My Universe"",23,178],[""40"",""BTS"",""Butter"",38,163],[""40"",""BTS"",""Dynamite"",48,153],[1317,""Lisa"",""Money"",81,118],[1434,""Kep1er"",""Wa Da Da"",82,119],[1408,""IVE"",""Eleven"",97,104],[""40"",""BTS"",""Permission To Dance"",113,88],[""208"",""Twice"",""The Feels"",127,74],[1451,""GOT the beat"",""Step Back"",165,36]]"
"2022-02-12","[[""7618"",""Coldplay + BTS"",""My Universe"",26,175],[""40"",""BTS"",""Butter"",42,159],[""40"",""BTS"",""Dynamite"",50,151],[1434,""Kep1er"",""Wa Da Da"",89,112],[1317,""Lisa"",""Money"",91,108],[1408,""IVE"",""Eleven"",101,100],[""40"",""BTS"",""Permission To Dance"",118,83],[""208"",""Twice"",""The Feels"",138,63],[1451,""GOT the beat"",""Step Back"",144,57]]"
"2022-02-19","[[""7618"",""Coldplay + BTS"",""My Universe"",30,171],[""40"",""BTS"",""Butter"",47,154],[""40"",""BTS"",""Dynamite"",58,143],[1434,""Kep1er"",""Wa Da Da"",99,102],[1317,""Lisa"",""Money"",107,92],[1451,""GOT the beat"",""Step Back"",116,85],[1408,""IVE"",""Eleven"",120,81],[""208"",""Twice"",""The Feels"",130,71],[""40"",""BTS"",""Permission To Dance"",139,62]]"
"2022-02-26","[[1495,""Jungkook"",""Stay Alive"",13,188],[""7618"",""Coldplay + BTS"",""My Universe"",32,169],[""40"",""BTS"",""Butter"",49,152],[""40"",""BTS"",""Dynamite"",62,139],[1434,""Kep1er"",""Wa Da Da"",119,82],[1317,""Lisa"",""Money"",130,69],[""40"",""BTS"",""Permission To Dance"",139,62],[1408,""IVE"",""Eleven"",145,56],[1451,""GOT the beat"",""Step Back"",164,37],[""208"",""Twice"",""The Feels"",179,22]]"
"2022-03-05","[[""7618"",""Coldplay + BTS"",""My Universe"",29,172],[""40"",""BTS"",""Butter"",50,151],[""40"",""BTS"",""Dynamite"",58,143],[1495,""Jungkook"",""Stay Alive"",98,103],[610,""Treasure"",""JIKJIN"",110,91],[1434,""Kep1er"",""Wa Da Da"",124,77],[1317,""Lisa"",""Money"",127,72],[""40"",""BTS"",""Permission To Dance"",147,54],[""208"",""Twice"",""The Feels"",167,34],[1408,""IVE"",""Eleven"",173,28]]"
"2022-03-12","[[""7618"",""Coldplay + BTS"",""My Universe"",29,172],[""40"",""BTS"",""Butter"",47,154],[""40"",""BTS"",""Dynamite"",55,146],[1434,""Kep1er"",""Wa Da Da"",128,73],[1317,""Lisa"",""Money"",134,65],[""40"",""BTS"",""Permission To Dance"",143,58],[""208"",""Twice"",""The Feels"",167,34],[1408,""IVE"",""Eleven"",175,26]]"
"2022-03-19","[[""7618"",""Coldplay + BTS"",""My Universe"",36,165],[""40"",""BTS"",""Butter"",40,161],[""40"",""BTS"",""Dynamite"",56,145],[1434,""Kep1er"",""Wa Da Da"",142,59],[1317,""Lisa"",""Money"",143,56],[""40"",""BTS"",""Permission To Dance"",146,55],[1494,""Nmixx"",""O.O"",162,39],[610,""Treasure"",""DARARI"",169,32],[1408,""IVE"",""Eleven"",193,8]]"
"2022-03-26","[[""7618"",""Coldplay + BTS"",""My Universe"",37,164],[""40"",""BTS"",""Butter"",45,156],[""40"",""BTS"",""Dynamite"",47,154],[""40"",""BTS"",""Permission To Dance"",132,69],[1494,""Nmixx"",""O.O"",138,63],[1317,""Lisa"",""Money"",163,36],[1434,""Kep1er"",""Wa Da Da"",187,14]]"
"2022-04-02","[[288,""Stray Kids"",""Maniac"",21,180],[""7618"",""Coldplay + BTS"",""My Universe"",34,167],[""40"",""BTS"",""Butter"",36,165],[""40"",""BTS"",""Dynamite"",52,149],[292,""(G)I-dle"",""Tomboy"",58,143],[165,""Red Velvet"",""Feel My Rhythm"",61,140],[1494,""Nmixx"",""O.O"",148,53],[""40"",""BTS"",""Permission To Dance"",155,46],[1317,""Lisa"",""Money"",179,20]]"
"2022-04-09","[[""7618"",""Coldplay + BTS"",""My Universe"",33,168],[165,""Red Velvet"",""Feel My Rhythm"",36,165],[""40"",""BTS"",""Butter"",44,157],[""40"",""BTS"",""Dynamite"",59,142],[292,""(G)I-dle"",""Tomboy"",71,130],[288,""Stray Kids"",""Maniac"",91,110],[1494,""Nmixx"",""O.O"",157,44],[""40"",""BTS"",""Permission To Dance"",167,34],[1317,""Lisa"",""Money"",194,5]]"
"2022-04-16","[[28,""BIGBANG"",""Still Life"",9,192],[""7618"",""Coldplay + BTS"",""My Universe"",38,163],[""40"",""BTS"",""Butter"",39,162],[""40"",""BTS"",""Dynamite"",53,148],[165,""Red Velvet"",""Feel My Rhythm"",68,133],[292,""(G)I-dle"",""Tomboy"",77,124],[288,""Stray Kids"",""Maniac"",124,77],[""40"",""BTS"",""Permission To Dance"",152,49],[1408,""IVE"",""Love Dive"",177,24],[1494,""Nmixx"",""O.O"",178,23]]"
"2022-04-23","[[1408,""IVE"",""Love Dive"",15,186],[28,""BIGBANG"",""Still Life"",32,169],[""7618"",""Coldplay + BTS"",""My Universe"",42,159],[""40"",""BTS"",""Butter"",45,156],[""40"",""BTS"",""Dynamite"",57,144],[292,""(G)I-dle"",""Tomboy"",86,115],[165,""Red Velvet"",""Feel My Rhythm"",95,106],[""40"",""BTS"",""Permission To Dance"",156,45],[288,""Stray Kids"",""Maniac"",173,28]]"
"2022-04-30","[[1408,""IVE"",""Love Dive"",19,182],[""7618"",""Coldplay + BTS"",""My Universe"",42,159],[""40"",""BTS"",""Butter"",44,157],[""40"",""BTS"",""Dynamite"",50,151],[171,""Seventeen"",""Darl+ing"",78,123],[28,""BIGBANG"",""Still Life"",79,122],[292,""(G)I-dle"",""Tomboy"",97,104],[165,""Red Velvet"",""Feel My Rhythm"",134,67],[""40"",""BTS"",""Permission To Dance"",160,41],[288,""Stray Kids"",""Maniac"",194,7]]"
"2022-05-07","[[""2650"",""Jimin + Ha Sungwoon"",""With You"",19,182],[1408,""IVE"",""Love Dive"",29,172],[""40"",""BTS"",""Butter"",37,164],[""7618"",""Coldplay + BTS"",""My Universe"",47,154],[""40"",""BTS"",""Dynamite"",53,148],[292,""(G)I-dle"",""Tomboy"",140,61],[256,""Jessi"",""ZOOM"",163,38],[""40"",""BTS"",""Permission To Dance"",176,25],[28,""BIGBANG"",""Still Life"",186,15]]"
"2022-05-14","[[""158"",""PSY"",""That That"",5,196],[""40"",""BTS"",""Butter"",51,150],[1408,""IVE"",""Love Dive"",53,148],[""7618"",""Coldplay + BTS"",""My Universe"",62,139],[""40"",""BTS"",""Dynamite"",65,136],[256,""Jessi"",""ZOOM"",93,108],[""2650"",""Jimin + Ha Sungwoon"",""With You"",109,92],[2703,""LE SSERAFIM"",""Fearless"",155,46],[292,""(G)I-dle"",""Tomboy"",183,18],[""40"",""BTS"",""Permission To Dance"",186,15]]"
"2022-05-21","[[""158"",""PSY"",""That That"",42,159],[2703,""LE SSERAFIM"",""Fearless"",69,132],[1408,""IVE"",""Love Dive"",71,130],[""40"",""BTS"",""Butter"",75,126],[""7618"",""Coldplay + BTS"",""My Universe"",80,121],[""40"",""BTS"",""Dynamite"",84,117],[256,""Jessi"",""ZOOM"",115,86],[""465"",""TXT"",""Good Boy Gone Bad"",186,15]]"
"2022-05-28","[[""158"",""PSY"",""That That"",66,135],[1408,""IVE"",""Love Dive"",87,114],[""40"",""BTS"",""Butter"",90,111],[2703,""LE SSERAFIM"",""Fearless"",97,104],[""7618"",""Coldplay + BTS"",""My Universe"",100,101],[""40"",""BTS"",""Dynamite"",103,98],[256,""Jessi"",""ZOOM"",157,44]]"
"2022-06-04","[[""158"",""PSY"",""That That"",74,127],[""40"",""BTS"",""Butter"",83,118],[1408,""IVE"",""Love Dive"",87,114],[2703,""LE SSERAFIM"",""Fearless"",93,108],[""7618"",""Coldplay + BTS"",""My Universe"",96,105],[""40"",""BTS"",""Dynamite"",99,102]]"
"2022-06-11","[[""40"",""BTS"",""Butter"",81,120],[""158"",""PSY"",""That That"",85,116],[""40"",""BTS"",""Dynamite"",87,114],[171,""Seventeen"",""Hot"",91,110],[""7618"",""Coldplay + BTS"",""My Universe"",99,102],[1408,""IVE"",""Love Dive"",103,98],[2703,""LE SSERAFIM"",""Fearless"",105,96]]"
"2022-06-18","[[""40"",""BTS"",""Butter"",80,121],[""40"",""BTS"",""Dynamite"",85,116],[""7618"",""Coldplay + BTS"",""My Universe"",98,103],[""158"",""PSY"",""That That"",111,90],[1408,""IVE"",""Love Dive"",115,86],[2703,""LE SSERAFIM"",""Fearless"",121,80],[171,""Seventeen"",""Hot"",187,14]]"
"2022-06-25","[[""40"",""BTS"",""Yet To Come"",2,300],[""40"",""BTS"",""Run BTS"",12,189],[""40"",""BTS"",""For Youth"",30,171],[""40"",""BTS"",""Born Singer"",36,165],[""40"",""BTS"",""Butter"",49,152],[""40"",""BTS"",""Dynamite"",52,149],[""7618"",""Coldplay + BTS"",""My Universe"",84,117],[""158"",""PSY"",""That That"",113,88],[1408,""IVE"",""Love Dive"",126,75],[2703,""LE SSERAFIM"",""Fearless"",160,41]]"
"2022-07-02","[[""40"",""BTS"",""Yet To Come"",20,181],[""40"",""BTS"",""Run BTS"",65,136],[""40"",""BTS"",""Dynamite"",73,128],[""40"",""BTS"",""Butter"",85,116],[""7618"",""Coldplay + BTS"",""My Universe"",120,81],[1408,""IVE"",""Love Dive"",132,69],[""158"",""PSY"",""That That"",142,59],[""40"",""BTS"",""For Youth"",182,19],[2703,""LE SSERAFIM"",""Fearless"",200,1]]"
"2022-07-09","[[1545,""Nayeon"",""POP!"",30,171],[""40"",""BTS"",""Yet To Come"",34,167],[""40"",""BTS"",""Dynamite"",72,129],[""40"",""BTS"",""Butter"",85,116],[""40"",""BTS"",""Run BTS"",96,105],[1408,""IVE"",""Love Dive"",107,94],[""7618"",""Coldplay + BTS"",""My Universe"",118,83],[""158"",""PSY"",""That That"",169,32],[""707"",""Aespa"",""Life&#039;s Too Short"",184,17]]"
"2022-07-16","[[394,""J-Hope"",""More"",15,186],[1545,""Nayeon"",""POP!"",38,163],[""40"",""BTS"",""Yet To Come"",44,157],[""40"",""BTS"",""Dynamite"",76,125],[""40"",""BTS"",""Butter"",92,109],[1408,""IVE"",""Love Dive"",101,100],[""7618"",""Coldplay + BTS"",""My Universe"",109,92],[""40"",""BTS"",""Run BTS"",161,40],[""158"",""PSY"",""That That"",189,12]]"
"2022-07-23","[[1545,""Nayeon"",""POP!"",36,165],[""707"",""Aespa"",""Girls"",42,159],[""40"",""BTS"",""Yet To Come"",88,113],[""40"",""BTS"",""Dynamite"",94,107],[""40"",""BTS"",""Butter"",114,87],[""7618"",""Coldplay + BTS"",""My Universe"",123,78],[1408,""IVE"",""Love Dive"",141,60],[394,""J-Hope"",""More"",164,37]]"
"2022-07-30","[[394,""J-Hope"",""Arson"",38,163],[1545,""Nayeon"",""POP!"",41,160],[460,""ITZY"",""Sneakers"",71,130],[394,""J-Hope"",""More"",80,121],[""40"",""BTS"",""Dynamite"",95,106],[""707"",""Aespa"",""Girls"",110,91],[""40"",""BTS"",""Butter"",129,72],[""7618"",""Coldplay + BTS"",""My Universe"",131,70],[""40"",""BTS"",""Yet To Come"",133,68],[1408,""IVE"",""Love Dive"",157,44]]"
"2022-08-06","[[1545,""Nayeon"",""POP!"",43,158],[""40"",""BTS"",""Dynamite"",94,107],[""40"",""BTS"",""Butter"",126,75],[""7618"",""Coldplay + BTS"",""My Universe"",139,62],[460,""ITZY"",""Sneakers"",151,50],[1408,""IVE"",""Love Dive"",155,46],[""707"",""Aespa"",""Girls"",176,25]]"
"2022-08-13","[[1545,""Nayeon"",""POP!"",63,138],[""40"",""BTS"",""Dynamite"",100,101],[""40"",""BTS"",""Butter"",149,52],[""7618"",""Coldplay + BTS"",""My Universe"",162,39],[460,""ITZY"",""Sneakers"",172,29],[1408,""IVE"",""Love Dive"",190,11],[""31"",""Blackpink"",""Ready For Love"",196,5]]"
"2022-08-20","[[1545,""Nayeon"",""POP!"",65,136],[""78"",""Girls' Generation"",""Forever 1"",67,134],[3457,""NewJeans"",""Attention"",82,119],[""40"",""BTS"",""Dynamite"",85,116],[3457,""NewJeans"",""Hype Boy"",116,85],[""40"",""BTS"",""Butter"",140,61],[""7618"",""Coldplay + BTS"",""My Universe"",165,36],[1408,""IVE"",""Love Dive"",199,2]]"
"2022-08-27","[[3457,""NewJeans"",""Attention"",56,145],[3457,""NewJeans"",""Hype Boy"",59,142],[1545,""Nayeon"",""POP!"",86,115],[""40"",""BTS"",""Dynamite"",106,95],[""7618"",""Coldplay + BTS"",""My Universe"",156,45],[""40"",""BTS"",""Butter"",161,40],[1408,""IVE"",""Love Dive"",200,1]]"
"2022-09-03","[[""31"",""Blackpink"",""Pink Venom"",1,400],[""40"",""BTS"",""Dynamite"",39,162],[1408,""IVE"",""After Like"",48,153],[3457,""NewJeans"",""Hype Boy"",52,149],[3457,""NewJeans"",""Attention"",54,147],[1545,""Nayeon"",""POP!"",92,109],[""78"",""Girls' Generation"",""Forever 1"",120,81],[""7618"",""Coldplay + BTS"",""My Universe"",126,75],[""40"",""BTS"",""Butter"",132,69],[1408,""IVE"",""Love Dive"",162,39]]"
"2022-09-10","[[""31"",""Blackpink"",""Pink Venom"",1,400],[""208"",""Twice"",""Talk That Talk"",18,183],[1408,""IVE"",""After Like"",20,181],[3457,""NewJeans"",""Hype Boy"",55,146],[3457,""NewJeans"",""Attention"",58,143],[1545,""Nayeon"",""POP!"",108,93],[""40"",""BTS"",""Dynamite"",114,87],[""78"",""Girls' Generation"",""Forever 1"",138,63],[""7618"",""Coldplay + BTS"",""My Universe"",142,59],[1408,""IVE"",""Love Dive"",164,37],[""40"",""BTS"",""Butter"",172,29]]"
"2022-09-17","[[""31"",""Blackpink"",""Pink Venom"",2,300],[1408,""IVE"",""After Like"",27,174],[""208"",""Twice"",""Talk That Talk"",34,167],[3457,""NewJeans"",""Hype Boy"",56,145],[3457,""NewJeans"",""Attention"",62,139],[1545,""Nayeon"",""POP!"",115,86],[""40"",""BTS"",""Dynamite"",119,82],[""7618"",""Coldplay + BTS"",""My Universe"",165,36],[1408,""IVE"",""Love Dive"",170,31],[""40"",""BTS"",""Butter"",195,6]]"
"2022-09-24","[[""31"",""Blackpink"",""Pink Venom"",4,197],[1408,""IVE"",""After Like"",35,166],[""208"",""Twice"",""Talk That Talk"",40,161],[3457,""NewJeans"",""Hype Boy"",59,142],[3457,""NewJeans"",""Attention"",74,127],[""40"",""BTS"",""Dynamite"",124,77],[""7618"",""Coldplay + BTS"",""My Universe"",132,69],[1545,""Nayeon"",""POP!"",144,57],[1408,""IVE"",""Love Dive"",186,15],[""40"",""BTS"",""Butter"",196,5]]"
"2022-10-01","[[""31"",""Blackpink"",""Shut Down"",1,400],[""31"",""Blackpink"",""Pink Venom"",2,300],[""31"",""Blackpink"",""Typa Girl"",16,185],[""31"",""Blackpink"",""Hard To Love"",27,174],[""31"",""Blackpink"",""The Happiest Girl"",34,167],[""31"",""Blackpink"",""Yeah Yeah Yeah"",43,158],[1408,""IVE"",""After Like"",47,154],[""31"",""Blackpink"",""Tally"",52,149],[""208"",""Twice"",""Talk That Talk"",58,143],[""31"",""Blackpink"",""Ready For Love"",60,141],[3457,""NewJeans"",""Hype Boy"",71,130],[3457,""NewJeans"",""Attention"",97,104],[""40"",""BTS"",""Dynamite"",133,68],[""7618"",""Coldplay + BTS"",""My Universe"",146,55],[""40"",""BTS"",""Butter"",160,41],[1545,""Nayeon"",""POP!"",198,3]]"
"2022-10-08","[[""31"",""Blackpink"",""Shut Down"",4,197],[""31"",""Blackpink"",""Pink Venom"",10,191],[1408,""IVE"",""After Like"",54,147],[""208"",""Twice"",""Talk That Talk"",64,137],[3457,""NewJeans"",""Hype Boy"",67,134],[""31"",""Blackpink"",""Typa Girl"",75,126],[3457,""NewJeans"",""Attention"",110,91],[""40"",""BTS"",""Dynamite"",135,66],[""40"",""BTS"",""Yet To Come"",148,53],[""7618"",""Coldplay + BTS"",""My Universe"",150,51],[1494,""Nmixx"",""Dice"",155,46],[""31"",""Blackpink"",""Hard To Love"",156,45],[""40"",""BTS"",""Butter"",175,26]]"
"2022-10-15","[[""31"",""Blackpink"",""Shut Down"",9,192],[""31"",""Blackpink"",""Pink Venom"",14,187],[1408,""IVE"",""After Like"",58,143],[3457,""NewJeans"",""Hype Boy"",74,127],[""208"",""Twice"",""Talk That Talk"",75,126],[3457,""NewJeans"",""Attention"",121,80],[""40"",""BTS"",""Dynamite"",134,67],[""31"",""Blackpink"",""Typa Girl"",144,57],[""40"",""BTS"",""Butter"",146,55],[""7618"",""Coldplay + BTS"",""My Universe"",172,29],[1494,""Nmixx"",""Dice"",193,8]]"
"2022-10-22","[[""31"",""Blackpink"",""Shut Down"",13,188],[""31"",""Blackpink"",""Pink Venom"",18,183],[288,""Stray Kids"",""Case 143"",59,142],[1408,""IVE"",""After Like"",68,133],[3457,""NewJeans"",""Hype Boy"",79,122],[""208"",""Twice"",""Talk That Talk"",95,106],[""40"",""BTS"",""Dynamite"",138,63],[""40"",""BTS"",""Butter"",141,60],[3457,""NewJeans"",""Attention"",148,53],[""7618"",""Coldplay + BTS"",""My Universe"",192,9]]"
"2022-10-29","[[""31"",""Blackpink"",""Shut Down"",18,183],[""31"",""Blackpink"",""Pink Venom"",27,174],[2703,""LE SSERAFIM"",""Antifragile"",79,122],[3457,""NewJeans"",""Hype Boy"",93,108],[1408,""IVE"",""After Like"",98,103],[""208"",""Twice"",""Talk That Talk"",133,68],[288,""Stray Kids"",""Case 143"",137,64],[""40"",""BTS"",""Dynamite"",142,59],[""7618"",""Coldplay + BTS"",""My Universe"",192,9]]"
"2022-11-05","[[2703,""LE SSERAFIM"",""Antifragile"",38,163],[""31"",""Blackpink"",""Shut Down"",40,161],[292,""(G)I-dle"",""Nxde"",50,151],[""31"",""Blackpink"",""Pink Venom"",53,148],[3457,""NewJeans"",""Hype Boy"",105,96],[1408,""IVE"",""After Like"",116,85],[""208"",""Twice"",""Talk That Talk"",167,34],[""40"",""BTS"",""Dynamite"",175,26]]"
"2022-11-12","[[1421,""Jin"",""Astronaut"",10,189],[2703,""LE SSERAFIM"",""Antifragile"",44,157],[""31"",""Blackpink"",""Shut Down"",46,155],[""31"",""Blackpink"",""Pink Venom"",61,140],[292,""(G)I-dle"",""Nxde"",71,130],[3457,""NewJeans"",""Hype Boy"",105,96],[1408,""IVE"",""After Like"",126,75],[""7618"",""Coldplay + BTS"",""My Universe"",166,35],[""40"",""BTS"",""Dynamite"",184,17],[""208"",""Twice"",""Talk That Talk"",195,6]]"
"2022-11-19","[[2703,""LE SSERAFIM"",""Antifragile"",58,143],[""31"",""Blackpink"",""Shut Down"",66,135],[""31"",""Blackpink"",""Pink Venom"",81,120],[292,""(G)I-dle"",""Nxde"",95,106],[1421,""Jin"",""Astronaut"",101,98],[3457,""NewJeans"",""Hype Boy"",122,79],[1408,""IVE"",""After Like"",157,44],[""7618"",""Coldplay + BTS"",""My Universe"",199,2]]"
"2022-11-26","[[2703,""LE SSERAFIM"",""Antifragile"",50,151],[""31"",""Blackpink"",""Shut Down"",59,142],[""31"",""Blackpink"",""Pink Venom"",79,122],[292,""(G)I-dle"",""Nxde"",107,94],[3457,""NewJeans"",""Hype Boy"",126,75],[""40"",""BTS"",""Run BTS"",135,66],[1421,""Jin"",""Astronaut"",139,60],[1408,""IVE"",""After Like"",172,29]]"
"2022-12-03","[[1495,""Jungkook"",""Dreamers (Music From The FIFA World Cup Qatar 2022)"",9,192],[2703,""LE SSERAFIM"",""Antifragile"",51,150],[""31"",""Blackpink"",""Shut Down"",67,134],[""31"",""Blackpink"",""Pink Venom"",86,115],[3457,""NewJeans"",""Hype Boy"",140,61],[292,""(G)I-dle"",""Nxde"",143,58],[""40"",""BTS"",""Run BTS"",155,46],[1408,""IVE"",""After Like"",175,26],[1421,""Jin"",""Astronaut"",183,16]]"
"2022-12-10","[[1495,""Jungkook"",""Dreamers (Music From The FIFA World Cup Qatar 2022)"",13,188],[2703,""LE SSERAFIM"",""Antifragile"",53,148],[""31"",""Blackpink"",""Shut Down"",75,126],[""31"",""Blackpink"",""Pink Venom"",98,103],[3457,""NewJeans"",""Hype Boy"",136,65],[292,""(G)I-dle"",""Nxde"",166,35],[1408,""IVE"",""After Like"",197,4]]"
"2022-12-17","[[1495,""Jungkook"",""Dreamers (Music From The FIFA World Cup Qatar 2022)"",37,164],[2703,""LE SSERAFIM"",""Antifragile"",85,116],[""31"",""Blackpink"",""Shut Down"",117,84],[""31"",""Blackpink"",""Pink Venom"",129,72],[3457,""NewJeans"",""Hype Boy"",147,54]]"
"2022-12-24","[[1495,""Jungkook"",""Dreamers (Music From The FIFA World Cup Qatar 2022)"",73,128],[2703,""LE SSERAFIM"",""Antifragile"",100,101],[""31"",""Blackpink"",""Shut Down"",140,61],[3457,""NewJeans"",""Hype Boy"",156,45],[""31"",""Blackpink"",""Pink Venom"",158,43]]"
"2022-12-31","[[3457,""NewJeans"",""Ditto"",36,165],[1495,""Jungkook"",""Dreamers (Music From The FIFA World Cup Qatar 2022)"",80,121],[2703,""LE SSERAFIM"",""Antifragile"",94,107],[3457,""NewJeans"",""Hype Boy"",131,70],[""31"",""Blackpink"",""Shut Down"",145,56],[""31"",""Blackpink"",""Pink Venom"",163,38],[149,""NCT DREAM"",""Candy"",198,3]]"
"2023-01-07","[[3457,""NewJeans"",""Ditto"",26,175],[2703,""LE SSERAFIM"",""Antifragile"",107,94],[1495,""Jungkook"",""Dreamers (Music From The FIFA World Cup Qatar 2022)"",120,81],[3457,""NewJeans"",""Hype Boy"",121,80],[""31"",""Blackpink"",""Shut Down"",149,52],[""31"",""Blackpink"",""Pink Venom"",162,39]]"
"2023-01-14","[[3457,""NewJeans"",""Ditto"",8,193],[3457,""NewJeans"",""OMG"",30,171],[2703,""LE SSERAFIM"",""Antifragile"",53,148],[3457,""NewJeans"",""Hype Boy"",59,142],[""31"",""Blackpink"",""Shut Down"",95,106],[1495,""Jungkook"",""Dreamers (Music From The FIFA World Cup Qatar 2022)"",106,95],[""31"",""Blackpink"",""Pink Venom"",110,91],[1408,""IVE"",""After Like"",172,29],[3457,""NewJeans"",""Attention"",193,8]]"
"2023-01-21","[[3457,""NewJeans"",""Ditto"",9,192],[3457,""NewJeans"",""OMG"",10,191],[2703,""LE SSERAFIM"",""Antifragile"",55,146],[3457,""NewJeans"",""Hype Boy"",56,145],[""31"",""Blackpink"",""Shut Down"",93,108],[""31"",""Blackpink"",""Pink Venom"",112,89],[3457,""NewJeans"",""Attention"",135,66],[1495,""Jungkook"",""Dreamers (Music From The FIFA World Cup Qatar 2022)"",155,46],[1408,""IVE"",""After Like"",178,23]]"
"2023-01-28","[[3457,""NewJeans"",""Ditto"",10,191],[""199"",""TAEYANG"",""Vibe"",12,189],[3457,""NewJeans"",""OMG"",13,188],[3457,""NewJeans"",""Hype Boy"",60,141],[2703,""LE SSERAFIM"",""Antifragile"",68,133],[""31"",""Blackpink"",""Shut Down"",108,93],[""31"",""Blackpink"",""Pink Venom"",128,73],[3457,""NewJeans"",""Attention"",141,60],[1495,""Jungkook"",""Dreamers (Music From The FIFA World Cup Qatar 2022)"",173,28]]"
"2023-02-04","[[3457,""NewJeans"",""Ditto"",11,190],[3457,""NewJeans"",""OMG"",12,189],[""208"",""Twice"",""Moonlight Sunrise"",22,179],[3457,""NewJeans"",""Hype Boy"",64,137],[""199"",""TAEYANG"",""Vibe"",71,130],[2703,""LE SSERAFIM"",""Antifragile"",75,126],[""31"",""Blackpink"",""Shut Down"",125,76],[""31"",""Blackpink"",""Pink Venom"",141,60],[3457,""NewJeans"",""Attention"",152,49]]"
"2023-02-11","[[3457,""NewJeans"",""OMG"",11,190],[3457,""NewJeans"",""Ditto"",12,189],[""465"",""TXT"",""Sugar Rush Ride"",44,157],[3457,""NewJeans"",""Hype Boy"",62,139],[""208"",""Twice"",""Moonlight Sunrise"",68,133],[2703,""LE SSERAFIM"",""Antifragile"",77,124],[""199"",""TAEYANG"",""Vibe"",95,106],[""31"",""Blackpink"",""Shut Down"",133,68],[""31"",""Blackpink"",""Pink Venom"",146,55],[3457,""NewJeans"",""Attention"",152,49]]"
"2023-02-18","[[3457,""NewJeans"",""OMG"",12,189],[3457,""NewJeans"",""Ditto"",14,187],[3457,""NewJeans"",""Hype Boy"",64,137],[2703,""LE SSERAFIM"",""Antifragile"",86,115],[""199"",""TAEYANG"",""Vibe"",128,73],[""31"",""Blackpink"",""Shut Down"",135,66],[""208"",""Twice"",""Moonlight Sunrise"",143,58],[""465"",""TXT"",""Sugar Rush Ride"",152,49],[3457,""NewJeans"",""Attention"",156,45],[""31"",""Blackpink"",""Pink Venom"",159,42],[""7618"",""Coldplay + BTS"",""My Universe"",189,12]]"
"2023-02-25","[[3457,""NewJeans"",""OMG"",14,187],[3457,""NewJeans"",""Ditto"",19,182],[3457,""NewJeans"",""Hype Boy"",75,126],[2703,""LE SSERAFIM"",""Antifragile"",95,106],[""31"",""Blackpink"",""Shut Down"",166,35],[""199"",""TAEYANG"",""Vibe"",190,11],[3457,""NewJeans"",""Attention"",195,6],[""31"",""Blackpink"",""Pink Venom"",198,3]]"
"2023-03-04","[[3457,""NewJeans"",""OMG"",14,187],[3457,""NewJeans"",""Ditto"",21,180],[3457,""NewJeans"",""Hype Boy"",74,127],[2703,""LE SSERAFIM"",""Antifragile"",108,93],[""31"",""Blackpink"",""Shut Down"",178,23]]"
"2023-03-11","[[3457,""NewJeans"",""OMG"",19,182],[3457,""NewJeans"",""Ditto"",28,173],[3457,""NewJeans"",""Hype Boy"",81,120],[2703,""LE SSERAFIM"",""Antifragile"",127,74]]"
"2023-03-18","[[""394"",""J-Hope"",""On The Street"",16,185],[3457,""NewJeans"",""OMG"",19,182],[3457,""NewJeans"",""Ditto"",38,163],[3457,""NewJeans"",""Hype Boy"",101,100],[2703,""LE SSERAFIM"",""Antifragile"",178,23]]"
"2023-03-25","[[3457,""NewJeans"",""OMG"",19,182],[""208"",""Twice"",""Set Me Free"",28,173],[3457,""NewJeans"",""Ditto"",36,165],[4454,""FIFTY FIFTY"",""Cupid"",106,95],[3457,""NewJeans"",""Hype Boy"",107,94],[""394"",""J-Hope"",""On The Street"",108,93],[""208"",""Twice"",""Moonlight Sunrise"",164,37],[2703,""LE SSERAFIM"",""Antifragile"",170,31]]"
"2023-04-01","[[2649,""Jimin"",""Set Me Free, Pt. 2"",8,193],[3457,""NewJeans"",""OMG"",23,178],[3457,""NewJeans"",""Ditto"",42,159],[4454,""FIFTY FIFTY"",""Cupid"",65,136],[""208"",""Twice"",""Set Me Free"",95,106],[""394"",""J-Hope"",""On The Street"",121,80],[3457,""NewJeans"",""Hype Boy"",132,69],[""31"",""Blackpink"",""Shut Down"",198,3]]"
"2023-04-08","[[2649,""Jimin"",""Like Crazy"",2,300],[2649,""Jimin"",""Set Me Free, Pt. 2"",27,174],[3457,""NewJeans"",""OMG"",28,173],[4454,""FIFTY FIFTY"",""Cupid"",39,162],[3457,""NewJeans"",""Ditto"",49,152],[2649,""Jimin"",""Face-Off"",133,68],[3457,""NewJeans"",""Hype Boy"",136,65],[""208"",""Twice"",""Set Me Free"",155,46],[2649,""Jimin"",""Alone"",189,12]]"
"2023-04-15","[[2559,""Jisoo"",""Flower"",2,300],[2649,""Jimin"",""Like Crazy"",4,197],[4454,""FIFTY FIFTY"",""Cupid"",22,179],[3457,""NewJeans"",""OMG"",29,172],[3457,""NewJeans"",""Ditto"",52,149],[2559,""Jisoo"",""All Eyes On Me"",78,123],[2649,""Jimin"",""Set Me Free, Pt. 2"",85,116],[1408,""IVE"",""Kitsch"",90,111],[3457,""NewJeans"",""Hype Boy"",137,64],[""31"",""Blackpink"",""Shut Down"",173,28],[""31"",""Blackpink"",""Pink Venom"",185,16],[""208"",""Twice"",""Set Me Free"",198,3]]"
"2023-04-22","[[2649,""Jimin"",""Like Crazy"",10,191],[2559,""Jisoo"",""Flower"",11,190],[4454,""FIFTY FIFTY"",""Cupid"",13,188],[""12"",""Agust D"",""People Pt.2"",24,177],[3457,""NewJeans"",""OMG"",36,165],[1408,""IVE"",""I Am"",52,149],[3457,""NewJeans"",""Ditto"",66,135],[1408,""IVE"",""Kitsch"",76,125],[2649,""Jimin"",""Set Me Free, Pt. 2"",140,61],[3457,""NewJeans"",""Hype Boy"",155,46],[""31"",""Blackpink"",""Shut Down"",189,12]]"
"2023-04-29","[[4454,""FIFTY FIFTY"",""Cupid"",9,192],[1408,""IVE"",""I Am"",21,180],[2559,""Jisoo"",""Flower"",23,178],[2649,""Jimin"",""Like Crazy"",25,176],[3457,""NewJeans"",""OMG"",45,156],[1408,""IVE"",""Kitsch"",59,142],[3457,""NewJeans"",""Ditto"",87,114],[""12"",""Agust D"",""People Pt.2"",174,27],[""31"",""Blackpink"",""Shut Down"",180,21],[""31"",""Blackpink"",""Pink Venom"",190,11],[3457,""NewJeans"",""Hype Boy"",195,6]]"
"2023-05-06","[[4454,""FIFTY FIFTY"",""Cupid"",8,193],[12,""Agust D"",""Haegeum"",15,186],[2649,""Jimin"",""Like Crazy"",26,175],[1408,""IVE"",""I Am"",27,174],[2559,""Jisoo"",""Flower"",30,171],[3457,""NewJeans"",""OMG"",53,148],[171,""Seventeen"",""Super"",63,138],[1408,""IVE"",""Kitsch"",99,102],[3457,""NewJeans"",""Ditto"",103,98],[""12"",""Agust D"",""People Pt.2"",105,96],[12,""Agust D"",""Amygdala"",161,40],[""31"",""Blackpink"",""Pink Venom"",169,32],[""31"",""Blackpink"",""Shut Down"",173,28]]"
"2023-05-13","[[4454,""FIFTY FIFTY"",""Cupid"",5,196],[2559,""Jisoo"",""Flower"",28,173],[1408,""IVE"",""I Am"",34,167],[2649,""Jimin"",""Like Crazy"",36,165],[171,""Seventeen"",""Super"",37,164],[3457,""NewJeans"",""OMG"",54,147],[""2703"",""LE SSERAFIM"",""Unforgiven"",61,140],[3457,""NewJeans"",""Ditto"",102,99],[12,""Agust D"",""Haegeum"",109,92],[1408,""IVE"",""Kitsch"",134,67],[""199"",""TAEYANG"",""Shoong!"",143,58],[""31"",""Blackpink"",""Pink Venom"",178,23],[""31"",""Blackpink"",""Shut Down"",184,17]]"
"2023-05-20","[[4454,""FIFTY FIFTY"",""Cupid"",3,198],[""2703"",""LE SSERAFIM"",""Unforgiven"",23,178],[2559,""Jisoo"",""Flower"",32,169],[2649,""Jimin"",""Like Crazy"",37,164],[1408,""IVE"",""I Am"",41,160],[171,""Seventeen"",""Super"",54,147],[3457,""NewJeans"",""OMG"",59,142],[3457,""NewJeans"",""Ditto"",121,80],[""707"",""Aespa"",""Spicy"",160,41],[1408,""IVE"",""Kitsch"",170,31],[""199"",""TAEYANG"",""Shoong!"",190,11]]"
"2023-05-27","[[4454,""FIFTY FIFTY"",""Cupid"",2,300],[""2703"",""LE SSERAFIM"",""Unforgiven"",36,165],[2649,""Jimin"",""Like Crazy"",39,162],[2559,""Jisoo"",""Flower"",43,158],[1408,""IVE"",""I Am"",50,151],[""40"",""BTS"",""The Planet"",62,139],[3457,""NewJeans"",""OMG"",69,132],[""707"",""Aespa"",""Spicy"",70,131],[171,""Seventeen"",""Super"",88,113],[3457,""NewJeans"",""Ditto"",151,50],[292,""(G)I-dle"",""Queencard"",157,44],[1408,""IVE"",""Kitsch"",198,3]]"
"2023-06-03","[[4454,""FIFTY FIFTY"",""Cupid"",3,198],[292,""(G)I-dle"",""Queencard"",38,163],[""2703"",""LE SSERAFIM"",""Unforgiven"",54,147],[2649,""Jimin"",""Like Crazy"",57,144],[2559,""Jisoo"",""Flower"",59,142],[1408,""IVE"",""I Am"",62,139],[""707"",""Aespa"",""Spicy"",79,122],[3457,""NewJeans"",""OMG"",90,111],[171,""Seventeen"",""Super"",115,86],[713,""Enhypen"",""Bite Me"",140,61],[3457,""NewJeans"",""Ditto"",177,24]]"
"2023-06-10","[[4454,""FIFTY FIFTY"",""Cupid"",3,198],[292,""(G)I-dle"",""Queencard"",35,166],[2649,""Jimin"",""Like Crazy"",66,135],[""2703"",""LE SSERAFIM"",""Unforgiven"",76,125],[2559,""Jisoo"",""Flower"",81,120],[1408,""IVE"",""I Am"",82,119],[3457,""NewJeans"",""OMG"",97,104],[713,""Enhypen"",""Bite Me"",109,92],[171,""Seventeen"",""Super"",129,72],[""707"",""Aespa"",""Spicy"",133,68],[2703,""LE SSERAFIM"",""Eve, Psyche & The Bluebeard's Wife"",160,41],[3457,""NewJeans"",""Ditto"",194,7]]"
"2023-06-17","[[4454,""FIFTY FIFTY"",""Cupid"",3,198],[292,""(G)I-dle"",""Queencard"",21,180],[288,""Stray Kids"",""S-Class"",24,177],[1408,""IVE"",""I Am"",47,154],[2649,""Jimin"",""Like Crazy"",52,149],[""2703"",""LE SSERAFIM"",""Unforgiven"",62,139],[2559,""Jisoo"",""Flower"",65,136],[""707"",""Aespa"",""Spicy"",74,127],[2703,""LE SSERAFIM"",""Eve, Psyche & The Bluebeard's Wife"",82,119],[171,""Seventeen"",""Super"",90,111],[3457,""NewJeans"",""OMG"",93,108],[3457,""NewJeans"",""Ditto"",153,48],[713,""Enhypen"",""Bite Me"",164,37],[1408,""IVE"",""Kitsch"",187,14]]"
"2023-06-24","[[""40"",""BTS"",""Take Two"",1,400],[4454,""FIFTY FIFTY"",""Cupid"",7,194],[292,""(G)I-dle"",""Queencard"",27,174],[2649,""Jimin"",""Like Crazy"",34,167],[1408,""IVE"",""I Am"",52,149],[288,""Stray Kids"",""S-Class"",65,136],[2703,""LE SSERAFIM"",""Eve, Psyche & The Bluebeard's Wife"",71,130],[""2703"",""LE SSERAFIM"",""Unforgiven"",72,129],[2559,""Jisoo"",""Flower"",73,128],[""707"",""Aespa"",""Spicy"",97,104],[3457,""NewJeans"",""OMG"",98,103],[171,""Seventeen"",""Super"",103,98],[3457,""NewJeans"",""Ditto"",156,45]]"
"2023-07-01","[[4454,""FIFTY FIFTY"",""Cupid"",5,196],[""40"",""BTS"",""Take Two"",27,174],[292,""(G)I-dle"",""Queencard"",30,171],[2649,""Jimin"",""Like Crazy"",40,161],[1408,""IVE"",""I Am"",57,144],[2703,""LE SSERAFIM"",""Eve, Psyche & The Bluebeard's Wife"",70,131],[""2703"",""LE SSERAFIM"",""Unforgiven"",83,118],[2559,""Jisoo"",""Flower"",85,116],[3457,""NewJeans"",""OMG"",96,105],[288,""Stray Kids"",""S-Class"",98,103],[""707"",""Aespa"",""Spicy"",111,90],[171,""Seventeen"",""Super"",118,83],[3457,""NewJeans"",""Ditto"",163,38],[149,""NCT DREAM"",""Broken Melodies"",179,22]]"
"2023-07-08","[[4454,""FIFTY FIFTY"",""Cupid"",4,197],[292,""(G)I-dle"",""Queencard"",39,162],[2649,""Jimin"",""Like Crazy"",45,156],[""40"",""BTS"",""Take Two"",57,144],[1408,""IVE"",""I Am"",68,133],[2703,""LE SSERAFIM"",""Eve, Psyche & The Bluebeard's Wife"",74,127],[2559,""Jisoo"",""Flower"",106,95],[3457,""NewJeans"",""OMG"",107,94],[""2703"",""LE SSERAFIM"",""Unforgiven"",111,90],[288,""Stray Kids"",""S-Class"",140,61],[""707"",""Aespa"",""Spicy"",143,58],[171,""Seventeen"",""Super"",160,41],[3457,""NewJeans"",""Ditto"",176,25],[149,""NCT DREAM"",""Broken Melodies"",199,2]]"
"2023-07-15","[[4454,""FIFTY FIFTY"",""Cupid"",7,194],[2649,""Jimin"",""Like Crazy"",40,161],[292,""(G)I-dle"",""Queencard"",46,155],[1495,""Jungkook"",""Still With You"",62,139],[2703,""LE SSERAFIM"",""Eve, Psyche & The Bluebeard's Wife"",66,135],[""40"",""BTS"",""Take Two"",71,130],[1408,""IVE"",""I Am"",76,125],[3457,""NewJeans"",""OMG"",117,84],[""2703"",""LE SSERAFIM"",""Unforgiven"",124,77],[2559,""Jisoo"",""Flower"",136,65],[1495,""Jungkook"",""My You"",158,43],[3457,""NewJeans"",""Ditto"",167,34],[""707"",""Aespa"",""Spicy"",169,32],[171,""Seventeen"",""Super"",184,17],[288,""Stray Kids"",""S-Class"",193,8]]"
"2023-07-22","[[3457,""NewJeans"",""Super Shy"",2,300],[4454,""FIFTY FIFTY"",""Cupid"",12,189],[3457,""NewJeans"",""New Jeans"",32,169],[2649,""Jimin"",""Like Crazy"",57,144],[292,""(G)I-dle"",""Queencard"",67,134],[2703,""LE SSERAFIM"",""Eve, Psyche & The Bluebeard's Wife"",85,116],[""465"",""TXT"",""Do It Like That"",88,113],[1408,""IVE"",""I Am"",102,99],[3457,""NewJeans"",""OMG"",103,98],[3457,""NewJeans"",""Ditto"",133,68],[""40"",""BTS"",""Take Two"",137,64],[""2703"",""LE SSERAFIM"",""Unforgiven"",143,58],[""61"",""EXO"",""Cream Soda"",156,45],[2559,""Jisoo"",""Flower"",173,28],[1495,""Jungkook"",""Still With You"",182,19],[3457,""NewJeans"",""Hype Boy"",192,9]]"
"2023-07-29","[[""1495"",""Jungkook"",""Seven"",1,400],[3457,""NewJeans"",""Super Shy"",5,196],[4454,""FIFTY FIFTY"",""Cupid"",12,189],[2649,""Jimin"",""Like Crazy"",29,172],[3457,""NewJeans"",""New Jeans"",47,154],[292,""(G)I-dle"",""Queencard"",58,143],[2703,""LE SSERAFIM"",""Eve, Psyche & The Bluebeard's Wife"",69,132],[""61"",""EXO"",""Cream Soda"",86,115],[3457,""NewJeans"",""OMG"",90,111],[1408,""IVE"",""I Am"",93,108],[1495,""Jungkook"",""Still With You"",98,103],[3457,""NewJeans"",""Ditto"",110,91],[""40"",""BTS"",""Take Two"",117,84],[""2703"",""LE SSERAFIM"",""Unforgiven"",143,58],[3457,""NewJeans"",""Hype Boy"",172,29],[2559,""Jisoo"",""Flower"",179,22],[5769,""ZEROBASEONE"",""In Bloom"",182,19],[171,""Seventeen"",""Super"",195,6]]"
"2023-08-05","[[""1495"",""Jungkook"",""Seven"",1,400],[3457,""NewJeans"",""Super Shy"",3,198],[3457,""NewJeans"",""ETA"",12,189],[4454,""FIFTY FIFTY"",""Cupid"",18,183],[3457,""NewJeans"",""Cool With You"",22,179],[3457,""NewJeans"",""New Jeans"",25,176],[3457,""NewJeans"",""ASAP"",33,168],[2649,""Jimin"",""Like Crazy"",43,158],[3457,""NewJeans"",""Get Up"",57,144],[292,""(G)I-dle"",""Queencard"",65,136],[2703,""LE SSERAFIM"",""Eve, Psyche & The Bluebeard's Wife"",88,113],[3457,""NewJeans"",""OMG"",90,111],[1408,""IVE"",""I Am"",107,94],[3457,""NewJeans"",""Ditto"",110,91],[149,""NCT DREAM"",""ISTJ"",125,76],[3457,""NewJeans"",""Hype Boy"",150,51],[""2703"",""LE SSERAFIM"",""Unforgiven"",167,34],[""61"",""EXO"",""Cream Soda"",177,24],[""40"",""BTS"",""Take Two"",192,9]]"
"2023-08-12","[[""1495"",""Jungkook"",""Seven"",1,400],[3457,""NewJeans"",""Super Shy"",8,193],[3457,""NewJeans"",""ETA"",28,173],[4454,""FIFTY FIFTY"",""Cupid"",31,170],[3457,""NewJeans"",""New Jeans"",53,148],[2649,""Jimin"",""Like Crazy"",70,131],[3457,""NewJeans"",""Cool With You"",71,130],[292,""(G)I-dle"",""Queencard"",91,110],[2703,""LE SSERAFIM"",""Eve, Psyche & The Bluebeard's Wife"",108,93],[3457,""NewJeans"",""ASAP"",113,88],[3457,""NewJeans"",""OMG"",117,84],[1408,""IVE"",""I Am"",129,72],[3457,""NewJeans"",""Ditto"",133,68],[3457,""NewJeans"",""Get Up"",184,17],[3457,""NewJeans"",""Hype Boy"",195,6]]"
"2023-08-19","[[""1495"",""Jungkook"",""Seven"",1,400],[3457,""NewJeans"",""Super Shy"",7,194],[3457,""NewJeans"",""ETA"",18,183],[4454,""FIFTY FIFTY"",""Cupid"",22,179],[3457,""NewJeans"",""New Jeans"",56,145],[2649,""Jimin"",""Like Crazy"",64,137],[3457,""NewJeans"",""Cool With You"",78,123],[292,""(G)I-dle"",""Queencard"",89,112],[2703,""LE SSERAFIM"",""Eve, Psyche & The Bluebeard's Wife"",107,94],[3457,""NewJeans"",""OMG"",108,93],[3457,""NewJeans"",""Ditto"",121,80],[1408,""IVE"",""I Am"",134,67],[3457,""NewJeans"",""ASAP"",161,40],[""2703"",""LE SSERAFIM"",""Unforgiven"",181,20]]"
"2023-08-26","[[""1495"",""Jungkook"",""Seven"",1,400],[3457,""NewJeans"",""Super Shy"",11,190],[""607"",""V"",""Love Me Again"",12,189],[""607"",""V"",""Rainy Days"",16,185],[3457,""NewJeans"",""ETA"",25,176],[4454,""FIFTY FIFTY"",""Cupid"",31,170],[2649,""Jimin"",""Like Crazy"",53,148],[3457,""NewJeans"",""New Jeans"",75,126],[292,""(G)I-dle"",""Queencard"",96,105],[3457,""NewJeans"",""OMG"",110,91],[3457,""NewJeans"",""Cool With You"",115,86],[3457,""NewJeans"",""Ditto"",132,69],[1408,""IVE"",""I Am"",134,67],[2703,""LE SSERAFIM"",""Eve, Psyche & The Bluebeard's Wife"",147,54],[""2703"",""LE SSERAFIM"",""Unforgiven"",178,23],[3457,""NewJeans"",""Hype Boy"",199,2]]"
"2023-09-02","[[""1495"",""Jungkook"",""Seven"",1,400],[3457,""NewJeans"",""Super Shy"",11,190],[4454,""FIFTY FIFTY"",""Cupid"",23,178],[3457,""NewJeans"",""ETA"",28,173],[""607"",""V"",""Love Me Again"",38,163],[2649,""Jimin"",""Like Crazy"",50,151],[""607"",""V"",""Rainy Days"",72,129],[3457,""NewJeans"",""New Jeans"",88,113],[292,""(G)I-dle"",""Queencard"",107,94],[3457,""NewJeans"",""OMG"",113,88],[3457,""NewJeans"",""Ditto"",138,63],[3457,""NewJeans"",""Cool With You"",143,58],[""492"",""Somi"",""Fast Forward"",145,56],[1408,""IVE"",""I Am"",153,48],[""707"",""Aespa"",""Better Things"",175,26],[2703,""LE SSERAFIM"",""Eve, Psyche & The Bluebeard's Wife"",189,12],[1516,""Jihyo"",""Killin' Me Good"",193,8]]"
"2023-09-09","[[""1495"",""Jungkook"",""Seven"",1,400],[3457,""NewJeans"",""Super Shy"",16,185],[4454,""FIFTY FIFTY"",""Cupid"",32,169],[3457,""NewJeans"",""ETA"",40,161],[""607"",""V"",""Love Me Again"",58,143],[2649,""Jimin"",""Like Crazy"",62,139],[""31"",""Blackpink"",""The Girls"",69,132],[""607"",""V"",""Rainy Days"",115,86],[3457,""NewJeans"",""New Jeans"",131,70],[3457,""NewJeans"",""OMG"",141,60],[292,""(G)I-dle"",""Queencard"",144,57],[""492"",""Somi"",""Fast Forward"",161,40],[3457,""NewJeans"",""Ditto"",173,28],[1408,""IVE"",""I Am"",178,23]]"
"2023-09-16","[[""1495"",""Jungkook"",""Seven"",2,300],[3457,""NewJeans"",""Super Shy"",13,188],[4454,""FIFTY FIFTY"",""Cupid"",35,166],[3457,""NewJeans"",""ETA"",44,157],[""607"",""V"",""Love Me Again"",64,137],[2649,""Jimin"",""Like Crazy"",68,133],[""607"",""V"",""Rainy Days"",125,76],[3457,""NewJeans"",""OMG"",159,42],[""492"",""Somi"",""Fast Forward"",162,39],[292,""(G)I-dle"",""Queencard"",169,32],[3457,""NewJeans"",""New Jeans"",171,30],[14,""Akmu"",""Love Lee"",177,24],[3457,""NewJeans"",""Ditto"",182,19],[1408,""IVE"",""I Am"",197,4]]"
"2023-09-23","[[""1495"",""Jungkook"",""Seven"",2,300],[""607"",""V"",""Slow Dancing"",4,197],[3457,""NewJeans"",""Super Shy"",24,177],[""607"",""V"",""Love Me Again"",39,162],[4454,""FIFTY FIFTY"",""Cupid"",48,153],[""607"",""V"",""Rainy Days"",59,142],[3457,""NewJeans"",""ETA"",64,137],[2649,""Jimin"",""Like Crazy"",74,127],[""607"",""V"",""Blue"",89,112],[14,""Akmu"",""Love Lee"",111,90],[""607"",""V"",""For Us"",113,88],[3457,""NewJeans"",""OMG"",186,15],[""492"",""Somi"",""Fast Forward"",193,8]]"
"2023-09-30","[[""1495"",""Jungkook"",""Seven"",2,300],[""607"",""V"",""Slow Dancing"",20,181],[3457,""NewJeans"",""Super Shy"",24,177],[""7682"",""TXT + Anitta"",""Back For More"",37,164],[4454,""FIFTY FIFTY"",""Cupid"",41,160],[3457,""NewJeans"",""ETA"",63,138],[2649,""Jimin"",""Like Crazy"",83,118],[""607"",""V"",""Love Me Again"",86,115],[14,""Akmu"",""Love Lee"",99,102],[""607"",""V"",""Rainy Days"",150,51],[292,""(G)I-dle"",""Queencard"",173,28],[3457,""NewJeans"",""OMG"",182,19]]"
"2023-10-07","[[""1495"",""Jungkook"",""Seven"",2,300],[""607"",""V"",""Slow Dancing"",29,172],[3457,""NewJeans"",""Super Shy"",30,171],[4454,""FIFTY FIFTY"",""Cupid"",53,148],[3457,""NewJeans"",""ETA"",74,127],[2649,""Jimin"",""Like Crazy"",88,113],[14,""Akmu"",""Love Lee"",91,110],[""607"",""V"",""Love Me Again"",111,90],[3457,""NewJeans"",""OMG"",177,24],[""7682"",""TXT + Anitta"",""Back For More"",186,15]]"
"2023-10-14","[[""1495"",""Jungkook"",""3D"",1,400],[""1495"",""Jungkook"",""Seven"",3,198],[3457,""NewJeans"",""Super Shy"",33,168],[""607"",""V"",""Slow Dancing"",36,165],[4454,""FIFTY FIFTY"",""Cupid"",67,134],[2649,""Jimin"",""Like Crazy"",77,124],[3457,""NewJeans"",""ETA"",88,113],[14,""Akmu"",""Love Lee"",105,96],[""607"",""V"",""Love Me Again"",126,75],[1408,""IVE"",""Either Way"",177,24],[3457,""NewJeans"",""OMG"",195,6]]"
"2023-10-21","[[""1495"",""Jungkook"",""3D"",5,196],[366,""Jennie"",""You & Me"",7,194],[""1495"",""Jungkook"",""Seven"",8,193],[3457,""NewJeans"",""Super Shy"",59,142],[""607"",""V"",""Slow Dancing"",70,131],[3457,""NewJeans"",""Gods"",75,126],[148,""NCT 127"",""Fact Check"",89,112],[4454,""FIFTY FIFTY"",""Cupid"",94,107],[2649,""Jimin"",""Like Crazy"",95,106],[3457,""NewJeans"",""ETA"",121,80],[14,""Akmu"",""Love Lee"",140,61],[1408,""IVE"",""Off The Record"",181,20],[""607"",""V"",""Love Me Again"",185,16]]"
"2023-10-28","[[""1495"",""Jungkook"",""Seven"",7,194],[""1495"",""Jungkook"",""3D"",8,193],[366,""Jennie"",""You & Me"",17,184],[3457,""NewJeans"",""Super Shy"",70,131],[""465"",""TXT"",""Chasing That Feeling"",72,129],[1408,""IVE"",""Baddie"",85,116],[""607"",""V"",""Slow Dancing"",99,102],[4454,""FIFTY FIFTY"",""Cupid"",101,100],[2649,""Jimin"",""Like Crazy"",106,95],[3457,""NewJeans"",""ETA"",146,55],[1408,""IVE"",""Either Way"",160,41],[14,""Akmu"",""Love Lee"",166,35],[3457,""NewJeans"",""Gods"",173,28],[""7682"",""TXT + Anitta"",""Back For More"",192,9],[1408,""IVE"",""Off The Record"",193,8],[148,""NCT 127"",""Fact Check"",195,6]]"
"2023-11-04","[[""1495"",""Jungkook"",""Seven"",6,195],[""1495"",""Jungkook"",""3D"",8,193],[366,""Jennie"",""You & Me"",20,181],[""607"",""V"",""Slow Dancing"",54,147],[3457,""NewJeans"",""Super Shy"",56,145],[1408,""IVE"",""Baddie"",66,135],[171,""Seventeen"",""God Of Music"",67,134],[4454,""FIFTY FIFTY"",""Cupid"",86,115],[2649,""Jimin"",""Like Crazy"",99,102],[3457,""NewJeans"",""ETA"",156,45],[14,""Akmu"",""Love Lee"",162,39],[""465"",""TXT"",""Chasing That Feeling"",183,18]]"
"2023-11-11","[[""1495"",""Jungkook"",""Seven"",10,191],[""1495"",""Jungkook"",""3D"",23,178],[2703,""LE SSERAFIM"",""Perfect Night"",52,149],[366,""Jennie"",""You & Me"",54,147],[171,""Seventeen"",""God Of Music"",70,131],[3457,""NewJeans"",""Super Shy"",87,114],[1408,""IVE"",""Baddie"",89,112],[4454,""FIFTY FIFTY"",""Cupid"",107,94],[2649,""Jimin"",""Like Crazy"",110,91],[""607"",""V"",""Slow Dancing"",113,88],[3457,""NewJeans"",""ETA"",195,6]]"
"2023-11-18","[[1495,""Jungkook"",""Standing Next To You"",1,400],[""1495"",""Jungkook"",""Seven"",2,300],[""1495"",""Jungkook"",""3D"",9,192],[2703,""LE SSERAFIM"",""Perfect Night"",22,179],[1495,""Jungkook"",""Yes Or No"",23,178],[1495,""Jungkook"",""Hate You"",31,170],[366,""Jennie"",""You & Me"",50,151],[1495,""Jungkook"",""Shot Glass Of Tears"",51,150],[1495,""Jungkook"",""Somebody"",57,144],[1495,""Jungkook"",""Too Sad To Dance"",58,143],[3457,""NewJeans"",""Super Shy"",87,114],[4454,""FIFTY FIFTY"",""Cupid"",94,107],[2649,""Jimin"",""Like Crazy"",96,105],[1408,""IVE"",""Baddie"",99,102],[171,""Seventeen"",""God Of Music"",112,89],[""607"",""V"",""Slow Dancing"",134,67]]"
"2023-11-25","[[1495,""Jungkook"",""Standing Next To You"",2,300],[""1495"",""Jungkook"",""Seven"",6,195],[288,""Stray Kids"",""LALALALA"",10,191],[""1495"",""Jungkook"",""3D"",18,183],[2703,""LE SSERAFIM"",""Perfect Night"",21,180],[""707"",""Aespa"",""Drama"",38,163],[366,""Jennie"",""You & Me"",59,142],[1495,""Jungkook"",""Yes Or No"",78,123],[3457,""NewJeans"",""Super Shy"",89,112],[4454,""FIFTY FIFTY"",""Cupid"",93,108],[2649,""Jimin"",""Like Crazy"",102,99],[288,""Stray Kids"",""Megaverse"",106,95],[1408,""IVE"",""Baddie"",113,88],[1495,""Jungkook"",""Hate You"",156,45],[""607"",""V"",""Slow Dancing"",180,21],[171,""Seventeen"",""God Of Music"",191,10]]"
"2023-12-02","[[1495,""Jungkook"",""Standing Next To You"",5,196],[""1495"",""Jungkook"",""Seven"",7,194],[2703,""LE SSERAFIM"",""Perfect Night"",22,179],[""1495"",""Jungkook"",""3D"",27,174],[288,""Stray Kids"",""LALALALA"",46,155],[""707"",""Aespa"",""Drama"",72,129],[366,""Jennie"",""You & Me"",82,119],[713,""Enhypen"",""Sweet Venom"",104,97],[2649,""Jimin"",""Like Crazy"",109,92],[3457,""NewJeans"",""Super Shy"",111,90],[4454,""FIFTY FIFTY"",""Cupid"",118,83],[3457,""NewJeans"",""Gods"",119,82],[1495,""Jungkook"",""Yes Or No"",120,81],[1408,""IVE"",""Baddie"",165,36]]"
"2023-12-09","[[""1495"",""Jungkook"",""Seven"",9,192],[1495,""Jungkook"",""Standing Next To You"",10,191],[""1495"",""Jungkook"",""3D"",17,184],[2703,""LE SSERAFIM"",""Perfect Night"",25,176],[""707"",""Aespa"",""Drama"",93,108],[288,""Stray Kids"",""LALALALA"",94,107],[5229,""BABYMONSTER"",""Batter Up"",101,100],[366,""Jennie"",""You & Me"",103,98],[2649,""Jimin"",""Like Crazy"",112,89],[3457,""NewJeans"",""Super Shy"",115,86],[4454,""FIFTY FIFTY"",""Cupid"",129,72],[3457,""NewJeans"",""Gods"",135,66],[1495,""Jungkook"",""Yes Or No"",174,27]]"
"2023-12-16","[[1495,""Jungkook"",""Standing Next To You"",13,188],[""1495"",""Jungkook"",""Seven"",20,181],[""1495"",""Jungkook"",""3D"",36,165],[2703,""LE SSERAFIM"",""Perfect Night"",41,160],[5229,""BABYMONSTER"",""Batter Up"",121,80],[""707"",""Aespa"",""Drama"",131,70],[3457,""NewJeans"",""Super Shy"",133,68],[4454,""FIFTY FIFTY"",""Cupid"",134,67],[2649,""Jimin"",""Like Crazy"",154,47],[366,""Jennie"",""You & Me"",163,38],[288,""Stray Kids"",""LALALALA"",181,20],[3457,""NewJeans"",""Ditto"",198,3]]"
"2023-12-23","[[1495,""Jungkook"",""Standing Next To You"",18,183],[""1495"",""Jungkook"",""Seven"",19,182],[""1495"",""Jungkook"",""3D"",42,159],[2703,""LE SSERAFIM"",""Perfect Night"",47,154],[""707"",""Aespa"",""Drama"",137,64],[4454,""FIFTY FIFTY"",""Cupid"",155,46],[3457,""NewJeans"",""Super Shy"",163,38],[5229,""BABYMONSTER"",""Batter Up"",166,35],[2649,""Jimin"",""Like Crazy"",175,26],[366,""Jennie"",""You & Me"",194,7]]"
"2023-12-30","[[1495,""Jungkook"",""Standing Next To You"",17,184],[""1495"",""Jungkook"",""Seven"",29,172],[2703,""LE SSERAFIM"",""Perfect Night"",60,141],[""1495"",""Jungkook"",""3D"",63,138],[""707"",""Aespa"",""Drama"",155,46],[3457,""NewJeans"",""Super Shy"",164,37],[4454,""FIFTY FIFTY"",""Cupid"",165,36],[2649,""Jimin"",""Like Crazy"",171,30],[3457,""NewJeans"",""Ditto"",172,29],[5229,""BABYMONSTER"",""Batter Up"",192,9]]"
"2024-01-06","[[1495,""Jungkook"",""Standing Next To You"",42,159],[""1495"",""Jungkook"",""Seven"",44,157],[2649,""Jimin"",""Closer Than This"",55,146],[2703,""LE SSERAFIM"",""Perfect Night"",76,125],[""1495"",""Jungkook"",""3D"",82,119],[2649,""Jimin"",""Like Crazy"",145,56],[3457,""NewJeans"",""Super Shy"",188,13],[4454,""FIFTY FIFTY"",""Cupid"",194,7],[3457,""NewJeans"",""Ditto"",196,5]]"
"2024-01-13","[[""1495"",""Jungkook"",""Seven"",9,192],[1495,""Jungkook"",""Standing Next To You"",11,190],[2703,""LE SSERAFIM"",""Perfect Night"",27,174],[""1495"",""Jungkook"",""3D"",42,159],[3457,""NewJeans"",""Super Shy"",87,114],[2649,""Jimin"",""Like Crazy"",96,105],[""707"",""Aespa"",""Drama"",103,98],[4454,""FIFTY FIFTY"",""Cupid"",107,94],[3457,""NewJeans"",""Ditto"",115,86],[3457,""NewJeans"",""OMG"",131,70],[2649,""Jimin"",""Closer Than This"",147,54],[366,""Jennie"",""You & Me"",164,37]]"
"2024-01-20","[[""1495"",""Jungkook"",""Seven"",13,188],[1495,""Jungkook"",""Standing Next To You"",14,187],[2703,""LE SSERAFIM"",""Perfect Night"",18,183],[""1495"",""Jungkook"",""3D"",44,157],[3457,""NewJeans"",""Super Shy"",88,113],[2649,""Jimin"",""Like Crazy"",93,108],[4454,""FIFTY FIFTY"",""Cupid"",101,100],[""707"",""Aespa"",""Drama"",103,98],[3457,""NewJeans"",""Ditto"",113,88],[3457,""NewJeans"",""OMG"",118,83],[366,""Jennie"",""You & Me"",161,40],[3457,""NewJeans"",""ETA"",192,9]]"
"2024-01-27","[[1495,""Jungkook"",""Standing Next To You"",23,178],[""1495"",""Jungkook"",""Seven"",25,176],[2703,""LE SSERAFIM"",""Perfect Night"",37,164],[""1495"",""Jungkook"",""3D"",68,133],[2649,""Jimin"",""Like Crazy"",84,117],[3457,""NewJeans"",""Super Shy"",122,79],[""707"",""Aespa"",""Drama"",146,55],[4454,""FIFTY FIFTY"",""Cupid"",156,45],[3457,""NewJeans"",""OMG"",180,21],[3457,""NewJeans"",""Ditto"",185,16]]"
"2024-02-03","[[1495,""Jungkook"",""Standing Next To You"",22,179],[""1495"",""Jungkook"",""Seven"",26,175],[2703,""LE SSERAFIM"",""Perfect Night"",38,163],[""1495"",""Jungkook"",""3D"",79,122],[2649,""Jimin"",""Like Crazy"",127,74],[98,""IU"",""Love Wins All"",129,72],[""707"",""Aespa"",""Drama"",138,63],[3457,""NewJeans"",""Super Shy"",155,46],[4454,""FIFTY FIFTY"",""Cupid"",186,15]]"
"2024-02-10","[[98,""IU"",""Love Wins All"",25,176],[""1495"",""Jungkook"",""Seven"",28,173],[1495,""Jungkook"",""Standing Next To You"",31,170],[2703,""LE SSERAFIM"",""Perfect Night"",47,154],[""1495"",""Jungkook"",""3D"",88,113],[292,""(G)I-dle"",""Wife"",92,109],[2649,""Jimin"",""Like Crazy"",159,42],[""707"",""Aespa"",""Drama"",163,38],[3457,""NewJeans"",""Super Shy"",184,17]]"
"2024-02-17","[[1495,""Jungkook"",""Standing Next To You"",31,170],[""1495"",""Jungkook"",""Seven"",32,169],[""208"",""Twice"",""I Got You"",38,163],[98,""IU"",""Love Wins All"",64,137],[2703,""LE SSERAFIM"",""Perfect Night"",72,129],[""1495"",""Jungkook"",""3D"",89,112],[292,""(G)I-dle"",""Super Lady"",114,87],[292,""(G)I-dle"",""Wife"",128,73],[2649,""Jimin"",""Like Crazy"",155,46],[3457,""NewJeans"",""Super Shy"",187,14]]"
"2024-02-24","[[1495,""Jungkook"",""Standing Next To You"",25,176],[""1495"",""Jungkook"",""Seven"",36,165],[2703,""LE SSERAFIM"",""Perfect Night"",88,113],[""1495"",""Jungkook"",""3D"",109,92],[98,""IU"",""Love Wins All"",129,72],[292,""(G)I-dle"",""Super Lady"",181,20],[2649,""Jimin"",""Like Crazy"",192,9]]"
"2024-03-02","[[""1495"",""Jungkook"",""Seven"",27,174],[1495,""Jungkook"",""Standing Next To You"",28,173],[2703,""LE SSERAFIM"",""Easy"",73,128],[2703,""LE SSERAFIM"",""Perfect Night"",75,126],[98,""IU"",""Love Wins All"",94,107],[""1495"",""Jungkook"",""3D"",108,93],[515,""BIBI"",""Bam Yang Gang"",113,88],[2649,""Jimin"",""Like Crazy"",169,32],[292,""(G)I-dle"",""Super Lady"",179,22]]"
"2024-03-09","[[2703,""LE SSERAFIM"",""Easy"",13,188],[""1495"",""Jungkook"",""Seven"",29,172],[1495,""Jungkook"",""Standing Next To You"",35,166],[2703,""LE SSERAFIM"",""Perfect Night"",72,129],[515,""BIBI"",""Bam Yang Gang"",79,122],[2703,""LE SSERAFIM"",""Smart"",91,110],[""208"",""Twice"",""One Spark"",93,108],[98,""IU"",""Love Wins All"",111,90],[""1495"",""Jungkook"",""3D"",123,78],[2649,""Jimin"",""Like Crazy"",151,50]]"
"2024-03-16","[[2703,""LE SSERAFIM"",""Easy"",16,185],[""1495"",""Jungkook"",""Seven"",28,173],[1495,""Jungkook"",""Standing Next To You"",37,164],[2703,""LE SSERAFIM"",""Smart"",53,148],[2703,""LE SSERAFIM"",""Perfect Night"",80,121],[515,""BIBI"",""Bam Yang Gang"",82,119],[""1495"",""Jungkook"",""3D"",132,69],[2649,""Jimin"",""Like Crazy"",144,57],[""208"",""Twice"",""One Spark"",154,47],[98,""IU"",""Love Wins All"",175,26]]"
"2024-03-23","[[2703,""LE SSERAFIM"",""Easy"",30,171],[""1495"",""Jungkook"",""Seven"",44,157],[2703,""LE SSERAFIM"",""Smart"",46,155],[1495,""Jungkook"",""Standing Next To You"",52,149],[2703,""LE SSERAFIM"",""Perfect Night"",95,106],[515,""BIBI"",""Bam Yang Gang"",117,84],[2649,""Jimin"",""Like Crazy"",142,59],[""1495"",""Jungkook"",""3D"",152,49],[""208"",""Twice"",""One Spark"",178,23],[292,""(G)I-dle"",""Fate"",193,8]]"
"2024-03-30","[[""607"",""V"",""FRI(END)S"",5,196],[2703,""LE SSERAFIM"",""Easy"",31,170],[""1495"",""Jungkook"",""Seven"",42,159],[2703,""LE SSERAFIM"",""Smart"",44,157],[1495,""Jungkook"",""Standing Next To You"",51,150],[292,""(G)I-dle"",""Fate"",95,106],[2703,""LE SSERAFIM"",""Perfect Night"",105,96],[2649,""Jimin"",""Like Crazy"",115,86],[""1495"",""Jungkook"",""3D"",146,55],[515,""BIBI"",""Bam Yang Gang"",193,8]]"
"2024-04-06","[[""607"",""V"",""FRI(END)S"",37,164],[2703,""LE SSERAFIM"",""Smart"",39,162],[""1495"",""Jungkook"",""Seven"",46,155],[2703,""LE SSERAFIM"",""Easy"",58,143],[7581,""ILLIT"",""Magnetic"",63,138],[1495,""Jungkook"",""Standing Next To You"",80,121],[292,""(G)I-dle"",""Fate"",114,87],[2703,""LE SSERAFIM"",""Perfect Night"",130,71],[2649,""Jimin"",""Like Crazy"",137,64],[""1495"",""Jungkook"",""3D"",178,23]]"
"2024-04-13","[[7581,""ILLIT"",""Magnetic"",8,193],[""1495"",""Jungkook"",""Seven"",48,153],[2703,""LE SSERAFIM"",""Smart"",49,152],[2703,""LE SSERAFIM"",""Easy"",61,140],[""607"",""V"",""FRI(END)S"",65,136],[1495,""Jungkook"",""Standing Next To You"",86,115],[5229,""BABYMONSTER"",""Sheesh"",87,114],[""465"",""TXT"",""Deja Vu"",95,106],[292,""(G)I-dle"",""Fate"",123,78],[2703,""LE SSERAFIM"",""Perfect Night"",136,65],[2649,""Jimin"",""Like Crazy"",149,52],[""1495"",""Jungkook"",""3D"",188,13]]"
"2024-04-20","[[7581,""ILLIT"",""Magnetic"",6,195],[""465"",""TXT"",""Deja Vu"",39,162],[""1495"",""Jungkook"",""Seven"",46,155],[2703,""LE SSERAFIM"",""Smart"",48,153],[5229,""BABYMONSTER"",""Sheesh"",49,152],[2703,""LE SSERAFIM"",""Easy"",73,128],[1495,""Jungkook"",""Standing Next To You"",92,109],[""607"",""V"",""FRI(END)S"",103,98],[292,""(G)I-dle"",""Fate"",141,60],[2703,""LE SSERAFIM"",""Perfect Night"",148,53],[5634,""Kiss of Life"",""Midas Touch"",166,35],[2649,""Jimin"",""Like Crazy"",167,34]]"
"2024-04-27","[[7581,""ILLIT"",""Magnetic"",6,195],[5229,""BABYMONSTER"",""Sheesh"",33,168],[""1495"",""Jungkook"",""Seven"",44,157],[2703,""LE SSERAFIM"",""Smart"",46,155],[""465"",""TXT"",""Deja Vu"",74,127],[2703,""LE SSERAFIM"",""Easy"",85,116],[1495,""Jungkook"",""Standing Next To You"",98,103],[""607"",""V"",""FRI(END)S"",154,47],[2703,""LE SSERAFIM"",""Perfect Night"",158,43],[292,""(G)I-dle"",""Fate"",185,16],[2649,""Jimin"",""Like Crazy"",192,9],[5634,""Kiss of Life"",""Midas Touch"",196,5]]"
"2024-05-04","[[7581,""ILLIT"",""Magnetic"",21,180],[5229,""BABYMONSTER"",""Sheesh"",60,141],[""1495"",""Jungkook"",""Seven"",78,123],[2703,""LE SSERAFIM"",""Smart"",83,118],[1495,""Jungkook"",""Standing Next To You"",129,72],[2703,""LE SSERAFIM"",""Easy"",140,61],[""465"",""TXT"",""Deja Vu"",145,56],[""607"",""V"",""FRI(END)S"",200,1]]"
"2024-05-11","[[7581,""ILLIT"",""Magnetic"",12,189],[5229,""BABYMONSTER"",""Sheesh"",47,154],[""1495"",""Jungkook"",""Seven"",68,133],[171,""Seventeen"",""Maestro"",91,110],[2703,""LE SSERAFIM"",""Smart"",97,104],[1495,""Jungkook"",""Standing Next To You"",133,68],[1408,""IVE"",""Heya"",173,28],[2703,""LE SSERAFIM"",""Easy"",177,24]]"
"2024-05-18","[[7581,""ILLIT"",""Magnetic"",16,185],[171,""Seventeen"",""Maestro"",50,151],[1408,""IVE"",""Heya"",56,145],[5229,""BABYMONSTER"",""Sheesh"",57,144],[""1495"",""Jungkook"",""Seven"",73,128],[1495,""Jungkook"",""Standing Next To You"",134,67],[2703,""LE SSERAFIM"",""Smart"",135,66],[49,""Crush"",""Love You With All My Heart"",184,17]]"
"2024-05-25","[[7581,""ILLIT"",""Magnetic"",17,184],[264,""RM"",""Come Back To Me"",24,177],[""707"",""Aespa"",""Supernova"",50,151],[5229,""BABYMONSTER"",""Sheesh"",62,139],[1408,""IVE"",""Heya"",69,132],[""1495"",""Jungkook"",""Seven"",77,124],[171,""Seventeen"",""Maestro"",93,108],[1495,""Jungkook"",""Standing Next To You"",146,55],[2703,""LE SSERAFIM"",""Smart"",192,9]]"
"2024-06-01","[[""707"",""Aespa"",""Supernova"",19,182],[7581,""ILLIT"",""Magnetic"",24,177],[5229,""BABYMONSTER"",""Sheesh"",61,140],[""1495"",""Jungkook"",""Seven"",71,130],[1408,""IVE"",""Heya"",85,116],[171,""Seventeen"",""Maestro"",150,51],[1495,""Jungkook"",""Standing Next To You"",163,38]]"
"2024-06-08","[[3457,""NewJeans"",""How Sweet"",15,186],[""707"",""Aespa"",""Supernova"",17,184],[7581,""ILLIT"",""Magnetic"",21,180],[3457,""NewJeans"",""Bubble Gum"",30,171],[""707"",""Aespa"",""Armageddon"",55,146],[5229,""BABYMONSTER"",""Sheesh"",67,134],[264,""RM"",""Lost!"",68,133],[""1495"",""Jungkook"",""Seven"",73,128],[1408,""IVE"",""Heya"",118,83],[1495,""Jungkook"",""Standing Next To You"",183,18],[7825,""Eclipse"",""Sudden Shower"",199,2]]"
"2024-06-15","[[""707"",""Aespa"",""Supernova"",18,183],[3457,""NewJeans"",""How Sweet"",21,180],[7581,""ILLIT"",""Magnetic"",23,178],[""707"",""Aespa"",""Armageddon"",28,173],[3457,""NewJeans"",""Bubble Gum"",48,153],[""1495"",""Jungkook"",""Seven"",69,132],[5229,""BABYMONSTER"",""Sheesh"",77,124],[1408,""IVE"",""Heya"",145,56],[7825,""Eclipse"",""Sudden Shower"",167,34],[1495,""Jungkook"",""Standing Next To You"",185,16]]"
"2024-06-22","[[1495,""Jungkook"",""Never Let Go"",20,181],[""707"",""Aespa"",""Supernova"",23,178],[7581,""ILLIT"",""Magnetic"",25,176],[3457,""NewJeans"",""How Sweet"",28,173],[""707"",""Aespa"",""Armageddon"",35,166],[""1495"",""Jungkook"",""Seven"",49,152],[3457,""NewJeans"",""Bubble Gum"",77,124],[5229,""BABYMONSTER"",""Sheesh"",92,109],[1495,""Jungkook"",""Standing Next To You"",117,84],[1408,""IVE"",""Heya"",191,10],[7825,""Eclipse"",""Sudden Shower"",193,8],[2649,""Jimin"",""Like Crazy"",194,7]]"
"2024-06-29","[[""707"",""Aespa"",""Supernova"",25,176],[7581,""ILLIT"",""Magnetic"",26,175],[3457,""NewJeans"",""How Sweet"",28,173],[""707"",""Aespa"",""Armageddon"",41,160],[1545,""Nayeon"",""ABCD"",54,147],[""1495"",""Jungkook"",""Seven"",59,142],[3457,""NewJeans"",""Bubble Gum"",85,116],[1495,""Jungkook"",""Never Let Go"",95,106],[5229,""BABYMONSTER"",""Sheesh"",111,90],[1495,""Jungkook"",""Standing Next To You"",159,42],[2649,""Jimin"",""Like Crazy"",193,8]]"
"2024-07-06","[[3457,""NewJeans"",""Supernatural"",25,176],[7581,""ILLIT"",""Magnetic"",30,171],[""707"",""Aespa"",""Supernova"",31,170],[3457,""NewJeans"",""How Sweet"",36,165],[""707"",""Aespa"",""Armageddon"",56,145],[""1495"",""Jungkook"",""Seven"",70,131],[3457,""NewJeans"",""Right Now"",81,120],[1545,""Nayeon"",""ABCD"",107,94],[3457,""NewJeans"",""Bubble Gum"",114,87],[5229,""BABYMONSTER"",""Sheesh"",160,41],[2649,""Jimin"",""Like Crazy"",166,35],[1495,""Jungkook"",""Standing Next To You"",197,4]]"
"2024-07-13","[[1317,""Lisa"",""Rockstar"",4,195],[2649,""Jimin"",""Smeraldo Garden Marching Band"",16,184],[7581,""ILLIT"",""Magnetic"",32,169],[3457,""NewJeans"",""Supernatural"",34,167],[""707"",""Aespa"",""Supernova"",35,166],[3457,""NewJeans"",""How Sweet"",46,155],[""1495"",""Jungkook"",""Seven"",64,137],[""707"",""Aespa"",""Armageddon"",66,135],[2649,""Jimin"",""Like Crazy"",108,93],[1545,""Nayeon"",""ABCD"",144,57],[3457,""NewJeans"",""Bubble Gum"",153,48],[5229,""BABYMONSTER"",""Sheesh"",185,16],[1495,""Jungkook"",""Standing Next To You"",190,11]]"
"2024-07-20","[[7581,""ILLIT"",""Magnetic"",35,166],[3457,""NewJeans"",""Supernatural"",37,164],[""707"",""Aespa"",""Supernova"",41,160],[2649,""Jimin"",""Smeraldo Garden Marching Band"",48,151],[3457,""NewJeans"",""How Sweet"",61,140],[""1495"",""Jungkook"",""Seven"",69,132],[""707"",""Aespa"",""Armageddon"",84,117],[5634,""Kiss of Life"",""Sticky"",87,114],[5229,""BABYMONSTER"",""Forever"",141,60],[2649,""Jimin"",""Like Crazy"",184,17],[3457,""NewJeans"",""Bubble Gum"",188,13]]"
"2024-07-27","[[1317,""Lisa"",""Rockstar"",27,172],[7581,""ILLIT"",""Magnetic"",53,148],[3457,""NewJeans"",""Supernatural"",54,147],[""707"",""Aespa"",""Supernova"",64,137],[""1495"",""Jungkook"",""Seven"",78,123],[713,""Enhypen"",""XO (Only If You Say Yes)"",84,117],[3457,""NewJeans"",""How Sweet"",89,112],[2649,""Jimin"",""Smeraldo Garden Marching Band"",91,108],[5634,""Kiss of Life"",""Sticky"",96,105],[""707"",""Aespa"",""Armageddon"",113,88]]"
"2024-08-03","[[2649,""Jimin"",""Who"",1,400],[288,""Stray Kids"",""Chk Chk Boom"",10,191],[1317,""Lisa"",""Rockstar"",31,168],[7581,""ILLIT"",""Magnetic"",54,147],[2649,""Jimin"",""Smeraldo Garden Marching Band"",60,139],[3457,""NewJeans"",""Supernatural"",62,139],[""707"",""Aespa"",""Supernova"",67,134],[""1495"",""Jungkook"",""Seven"",69,132],[3457,""NewJeans"",""How Sweet"",88,113],[5634,""Kiss of Life"",""Sticky"",91,110],[2649,""Jimin"",""Be Mine"",123,76],[""707"",""Aespa"",""Armageddon"",143,58],[2649,""Jimin"",""Slow Dance"",159,40],[2649,""Jimin"",""Rebirth"",187,12],[1495,""Jungkook"",""Standing Next To You"",198,3]]"
"2024-08-10","[[2649,""Jimin"",""Who"",1,400],[288,""Stray Kids"",""Chk Chk Boom"",19,182],[1317,""Lisa"",""Rockstar"",43,156],[7581,""ILLIT"",""Magnetic"",61,140],[""707"",""Aespa"",""Supernova"",71,130],[""1495"",""Jungkook"",""Seven"",74,127],[3457,""NewJeans"",""Supernatural"",81,120],[5634,""Kiss of Life"",""Sticky"",92,109],[3457,""NewJeans"",""How Sweet"",94,107],[""707"",""Aespa"",""Armageddon"",151,50]]"
"2024-08-17","[[2649,""Jimin"",""Who"",5,194],[288,""Stray Kids"",""Chk Chk Boom"",32,169],[1317,""Lisa"",""Rockstar"",59,140],[7581,""ILLIT"",""Magnetic"",63,138],[""1495"",""Jungkook"",""Seven"",72,129],[""707"",""Aespa"",""Supernova"",87,114],[2649,""Jimin"",""Be Mine"",89,110],[3457,""NewJeans"",""Supernatural"",100,101],[3457,""NewJeans"",""How Sweet"",109,92],[5634,""Kiss of Life"",""Sticky"",121,80],[""707"",""Aespa"",""Armageddon"",173,28]]"
"2024-08-24","[[2649,""Jimin"",""Who"",6,193],[288,""Stray Kids"",""Chk Chk Boom"",53,148],[""1495"",""Jungkook"",""Seven"",68,133],[7581,""ILLIT"",""Magnetic"",71,130],[""707"",""Aespa"",""Supernova"",76,125],[1317,""Lisa"",""Rockstar"",77,122],[3457,""NewJeans"",""Supernatural"",121,80],[3457,""NewJeans"",""How Sweet"",135,66],[5634,""Kiss of Life"",""Sticky"",155,46],[""707"",""Aespa"",""Armageddon"",183,18]]"
"2024-08-31","[[2649,""Jimin"",""Who"",9,190],[1317,""Lisa"",""New Woman"",15,184],[""1495"",""Jungkook"",""Seven"",77,124],[1317,""Lisa"",""Rockstar"",83,116],[288,""Stray Kids"",""Chk Chk Boom"",85,116],[""707"",""Aespa"",""Supernova"",88,113],[7581,""ILLIT"",""Magnetic"",91,110],[3457,""NewJeans"",""Supernatural"",165,36],[3457,""NewJeans"",""How Sweet"",178,23],[""707"",""Aespa"",""Armageddon"",200,1]]"
"2024-09-07","[[2649,""Jimin"",""Who"",12,187],[1317,""Lisa"",""New Woman"",33,166],[""1495"",""Jungkook"",""Seven"",83,118],[7581,""ILLIT"",""Magnetic"",102,99],[""707"",""Aespa"",""Supernova"",106,95],[288,""Stray Kids"",""Chk Chk Boom"",111,90],[1317,""Lisa"",""Rockstar"",129,70],[3457,""NewJeans"",""Supernatural"",192,9],[1495,""Jungkook"",""Standing Next To You"",195,6]]"
"2024-09-14","[[2649,""Jimin"",""Who"",12,187],[2703,""LE SSERAFIM"",""Crazy"",17,184],[1317,""Lisa"",""New Woman"",46,153],[""1495"",""Jungkook"",""Seven"",73,128],[""707"",""Aespa"",""Supernova"",101,100],[7581,""ILLIT"",""Magnetic"",107,94],[288,""Stray Kids"",""Chk Chk Boom"",133,68],[1495,""Jungkook"",""Standing Next To You"",143,58],[1317,""Lisa"",""Rockstar"",163,36]]"
"2024-09-21","[[""2649"",""Jimin"",""Who"",12,189],[2703,""LE SSERAFIM"",""Crazy"",22,179],[""1495"",""Jungkook"",""Seven"",76,125],[""707"",""Aespa"",""Supernova"",116,85],[7581,""ILLIT"",""Magnetic"",125,76],[1495,""Jungkook"",""Standing Next To You"",155,46],[288,""Stray Kids"",""Chk Chk Boom"",162,39]]"
"2024-09-28","[[""2649"",""Jimin"",""Who"",13,188],[2703,""LE SSERAFIM"",""Crazy"",32,169],[""1495"",""Jungkook"",""Seven"",80,121],[""1317"",""Lisa"",""New Woman"",93,108],[7581,""ILLIT"",""Magnetic"",144,57],[""707"",""Aespa"",""Supernova"",146,55],[1495,""Jungkook"",""Standing Next To You"",170,31]]"
"2024-10-05","[[""2649"",""Jimin"",""Who"",12,189],[2703,""LE SSERAFIM"",""Crazy"",44,157],[""1495"",""Jungkook"",""Seven"",78,123],[""1317"",""Lisa"",""New Woman"",136,65],[""707"",""Aespa"",""Supernova"",155,46],[1495,""Jungkook"",""Standing Next To You"",156,45],[7581,""ILLIT"",""Magnetic"",166,35]]"
"2024-10-12","[[""2649"",""Jimin"",""Who"",13,188],[2703,""LE SSERAFIM"",""Crazy"",68,133],[""1495"",""Jungkook"",""Seven"",81,120],[7581,""ILLIT"",""Magnetic"",158,43],[1495,""Jungkook"",""Standing Next To You"",161,40],[""707"",""Aespa"",""Supernova"",169,32],[""1317"",""Lisa"",""New Woman"",173,28]]"
"2024-10-19","[[""2649"",""Jimin"",""Who"",11,190],[1317,""Lisa"",""Moonlit Floor"",38,161],[""1495"",""Jungkook"",""Seven"",84,117],[2703,""LE SSERAFIM"",""Crazy"",90,111],[7581,""ILLIT"",""Magnetic"",164,37],[1495,""Jungkook"",""Standing Next To You"",174,27],[""707"",""Aespa"",""Supernova"",186,15]]"
"2024-10-26","[[366,""Jennie"",""Mantra"",3,198],[""2649"",""Jimin"",""Who"",13,188],[2446,""Karina"",""Up"",27,174],[1317,""Lisa"",""Moonlit Floor"",37,162],[2703,""LE SSERAFIM"",""Crazy"",89,112],[""1495"",""Jungkook"",""Seven"",90,111],[""1421"",""Jin"",""Super Tuna"",159,42],[7581,""ILLIT"",""Magnetic"",161,40],[""707"",""Aespa"",""Supernova"",185,16],[1495,""Jungkook"",""Standing Next To You"",186,15]]"
"2024-11-02","[[8197,""Rosé + Bruno Mars"",""APT."",1,400],[366,""Jennie"",""Mantra"",6,195],[""2649"",""Jimin"",""Who"",15,186],[1317,""Lisa"",""Moonlit Floor"",24,175],[""707"",""Aespa"",""Whiplash"",30,171],[2446,""Karina"",""Up"",41,160],[""1495"",""Jungkook"",""Seven"",91,110],[2703,""LE SSERAFIM"",""Crazy"",103,98],[7581,""ILLIT"",""Magnetic"",152,49],[1495,""Jungkook"",""Standing Next To You"",182,19],[""707"",""Aespa"",""Supernova"",188,13],[1317,""Lisa"",""Rockstar"",195,4]]"
"2024-11-09","[[8197,""Rosé + Bruno Mars"",""APT."",1,400],[366,""Jennie"",""Mantra"",7,194],[""707"",""Aespa"",""Whiplash"",8,193],[""2649"",""Jimin"",""Who"",16,185],[""1421"",""Jin"",""I'll Be There"",25,176],[1317,""Lisa"",""Moonlit Floor"",35,164],[2446,""Karina"",""Up"",78,123],[""1495"",""Jungkook"",""Seven"",105,96],[7581,""ILLIT"",""Cherish (My Love)"",110,91],[2703,""LE SSERAFIM"",""Crazy"",156,45],[7581,""ILLIT"",""Magnetic"",170,31],[1495,""Jungkook"",""Standing Next To You"",188,13]]"
"2024-11-16","[[8197,""Rosé + Bruno Mars"",""APT."",1,400],[""707"",""Aespa"",""Whiplash"",11,190],[""2649"",""Jimin"",""Who"",13,188],[366,""Jennie"",""Mantra"",21,180],[""68"",""G-DRAGON"",""POWER"",29,172],[5229,""BABYMONSTER"",""Drip"",30,171],[1317,""Lisa"",""Moonlit Floor"",51,148],[""1421"",""Jin"",""I'll Be There"",84,117],[2446,""Karina"",""Up"",98,103],[""1495"",""Jungkook"",""Seven"",103,98],[7581,""ILLIT"",""Cherish (My Love)"",136,65],[2703,""LE SSERAFIM"",""Crazy"",167,34],[7581,""ILLIT"",""Magnetic"",184,17],[1495,""Jungkook"",""Standing Next To You"",185,16],[""707"",""Aespa"",""Supernova"",193,8]]"
"2024-11-23","[[8197,""Rosé + Bruno Mars"",""APT."",1,400],[""2649"",""Jimin"",""Who"",13,188],[""707"",""Aespa"",""Whiplash"",17,184],[366,""Jennie"",""Mantra"",23,178],[5229,""BABYMONSTER"",""Drip"",38,163],[1317,""Lisa"",""Moonlit Floor"",76,123],[""68"",""G-DRAGON"",""POWER"",92,109],[""1495"",""Jungkook"",""Seven"",110,91],[""1421"",""Jin"",""I'll Be There"",123,78],[2446,""Karina"",""Up"",143,58],[""465"",""TXT"",""Over The Moon"",195,6]]"
"2024-11-30","[[8197,""Rosé + Bruno Mars"",""APT."",1,400],[""1421"",""Jin"",""Running Wild"",5,196],[""2649"",""Jimin"",""Who"",21,180],[""707"",""Aespa"",""Whiplash"",24,177],[366,""Jennie"",""Mantra"",37,164],[""1421"",""Jin"",""I'll Be There"",56,145],[5229,""BABYMONSTER"",""Drip"",81,120],[1317,""Lisa"",""Moonlit Floor"",128,71],[""1495"",""Jungkook"",""Seven"",133,68],[5634,""Kiss of Life"",""Igloo"",199,2]]"
